settlement_id,payment_ref,settled_amount,settlement_date,bank_code
STL-BB53DBB3,PAY-5714E514,6010.89,2026-03-14 22:26:15,ICICI_CORP
STL-9326F036,PAY-29060B55,5573.51,2026-03-28 05:41:54,HDFC_01
STL-83ED7654,PAY-0D0DF6FE,5137.91,2026-03-13 00:11:28,ICICI_CORP
STL-9E1E1B79,PAY-BB5F4942,32669.28,2026-03-27 05:16:44,AXIS_BULK
STL-272F9999,PAY-3CA3D6CE,14270.44,2026-03-03 17:06:31,SBI_SETTL
STL-03ED3212,PAY-B5458181,8196.24,2026-03-17 17:40:02,AXIS_BULK
STL-C0EE96FE,PAY-B0EDBEE0,18269.48,2026-03-18 01:43:25,AXIS_BULK
STL-BEC6F773,PAY-9F65EF57,6678.9,2026-03-20 15:27:50,SBI_SETTL
STL-0E33CC73,PAY-17D7D061,10018.29,2026-03-05 13:58:33,SBI_SETTL
STL-627B41C7,PAY-165F129B,42838.23,2026-03-08 00:22:24,AXIS_BULK
STL-0777CA66,PAY-89BDDF08,41788.47,2026-03-10 19:42:19,ICICI_CORP
STL-E12B255D,PAY-1BC7F039,13715.4,2026-03-31 21:49:46,ICICI_CORP
STL-F807B4F1,PAY-8B0CA7FD,23381.88,2026-03-14 16:55:55,SBI_SETTL
STL-6B6B49F3,PAY-F468A150,38912.0,2026-03-13 20:10:26,AXIS_BULK
STL-7E3ACB95,PAY-109DF2C9,3776.34,2026-03-28 05:32:51,AXIS_BULK
STL-E10B9D71,PAY-EC8CB4AF,44291.82,2026-03-31 16:13:04,SBI_SETTL
STL-A19F1E22,PAY-A4C5200D,12708.06,2026-03-28 23:13:45,AXIS_BULK
STL-FF69462C,PAY-E15C680D,20270.33,2026-03-13 09:34:20,HDFC_01
STL-65E4F330,PAY-1C7A2CA6,2832.26,2026-03-07 09:46:28,AXIS_BULK
STL-6D71891C,PAY-C51B6682,3644.62,2026-03-20 18:53:09,HDFC_01
STL-529F6269,PAY-01B857B7,36175.73,2026-03-27 20:32:26,HDFC_01
STL-88FBF087,PAY-251E997D,22020.88,2026-03-24 01:35:11,ICICI_CORP
STL-0FC9C9DD,PAY-5E53A681,45675.08,2026-03-30 21:01:42,ICICI_CORP
STL-A543FD1E,PAY-2EAEDF58,38244.28,2026-03-26 23:12:41,SBI_SETTL
STL-CC1C96E2,PAY-E9DE8AAC,1464.1,2026-03-18 22:30:47,HDFC_01
STL-9691BC4E,PAY-A20A4AB3,43961.48,2026-03-07 00:01:53,HDFC_01
STL-3DDC793F,PAY-0F45BDD8,26868.96,2026-03-09 03:22:15,ICICI_CORP
STL-9A5D0750,PAY-C18E514F,26619.85,2026-03-30 00:36:46,ICICI_CORP
STL-595812A3,PAY-31715EEA,15929.96,2026-04-01 23:53:21,AXIS_BULK
STL-C208EA19,PAY-DA8473E4,12771.33,2026-03-05 07:59:03,ICICI_CORP
STL-937061FF,PAY-325334F4,11400.76,2026-03-05 15:32:40,HDFC_01
STL-608A2C58,PAY-F6F3570C,43051.95,2026-03-05 15:27:33,SBI_SETTL
STL-B68B4C4E,PAY-DA8A59B8,24528.02,2026-03-27 23:00:17,ICICI_CORP
STL-68683CC1,PAY-0CD8ADD9,40471.1,2026-03-11 01:58:58,AXIS_BULK
STL-45B87894,PAY-619635B9,21467.14,2026-03-23 16:06:37,HDFC_01
STL-8496B0F8,PAY-D9871521,36546.57,2026-03-07 09:23:17,ICICI_CORP
STL-F5817D11,PAY-F260259C,22706.37,2026-03-22 14:49:43,AXIS_BULK
STL-77F451E8,PAY-E535B901,43787.05,2026-03-05 20:23:56,HDFC_01
STL-1F2060F6,PAY-84850D43,49964.48,2026-03-03 02:07:57,ICICI_CORP
STL-BA30BEF2,PAY-D9909065,24539.24,2026-03-12 03:31:35,ICICI_CORP
STL-529EEF46,PAY-D3F8C32E,606.69,2026-03-21 04:28:25,SBI_SETTL
STL-E4A275F9,PAY-636F0278,34981.28,2026-03-27 17:06:19,ICICI_CORP
STL-6DCA749C,PAY-4EFDD574,11276.19,2026-03-05 01:56:47,SBI_SETTL
STL-4C63381E,PAY-F4BFA409,2982.05,2026-03-24 02:50:27,HDFC_01
STL-CFD552D0,PAY-F84E7CA7,4465.52,2026-03-10 20:58:45,ICICI_CORP
STL-91FA95F3,PAY-0997E38D,6434.39,2026-03-28 08:16:16,HDFC_01
STL-CFB800F1,PAY-12CEBA7A,33039.97,2026-03-29 03:26:37,SBI_SETTL
STL-BD0C85DC,PAY-E7E65A51,33651.44,2026-03-17 17:12:12,AXIS_BULK
STL-243ED49A,PAY-D8587900,33748.67,2026-03-17 01:44:04,HDFC_01
STL-E155E6DF,PAY-59F6B925,23185.13,2026-03-28 00:57:01,ICICI_CORP
STL-B1B2AEEC,PAY-B815B6A8,13627.42,2026-03-18 07:12:45,SBI_SETTL
STL-1AAAAA98,PAY-5BD15EE7,8308.47,2026-03-27 03:22:44,SBI_SETTL
STL-86D7AA8E,PAY-8B13DE94,5627.53,2026-03-08 12:42:25,HDFC_01
STL-455C9A35,PAY-366D77A4,27884.57,2026-03-14 19:30:34,SBI_SETTL
STL-538FF58A,PAY-F8B01095,34531.11,2026-03-15 10:24:28,SBI_SETTL
STL-B955347C,PAY-5AFB6D31,5068.77,2026-03-21 16:41:31,HDFC_01
STL-0542394E,PAY-87F6EF64,38670.4,2026-03-31 09:55:24,AXIS_BULK
STL-B15F50E5,PAY-6A73DB28,35430.54,2026-03-27 22:39:14,HDFC_01
STL-E3AD5EAC,PAY-50712FBB,45244.46,2026-03-28 05:55:28,ICICI_CORP
STL-F2E96776,PAY-CD07C3D2,6808.55,2026-03-16 10:45:16,SBI_SETTL
STL-037D0E83,PAY-292335F7,34262.3,2026-03-08 02:19:11,ICICI_CORP
STL-3CF27781,PAY-CC2D1563,43297.98,2026-03-10 11:26:41,ICICI_CORP
STL-FEE45179,PAY-6C7A1361,46262.12,2026-03-22 03:44:17,ICICI_CORP
STL-79B4769A,PAY-6AEB04BC,5850.73,2026-03-04 04:21:10,ICICI_CORP
STL-7207AE8D,PAY-ACE96F72,17808.09,2026-03-12 18:37:04,ICICI_CORP
STL-007A148E,PAY-C2FDA9B4,16748.97,2026-03-06 13:51:32,AXIS_BULK
STL-FE4D4B92,PAY-6FCCA376,49066.91,2026-03-26 19:43:59,HDFC_01
STL-EC8C8C45,PAY-6B089C2D,9339.11,2026-03-14 11:57:29,AXIS_BULK
STL-E68AEEE0,PAY-4267A58B,36562.98,2026-03-16 16:40:53,AXIS_BULK
STL-EEBB1B1D,PAY-F6A851C8,9908.9,2026-03-04 10:31:53,ICICI_CORP
STL-3AF53ED6,PAY-5A046825,21849.22,2026-03-17 10:41:50,SBI_SETTL
STL-E6A7DA00,PAY-7834D0B5,15809.59,2026-03-22 00:06:57,SBI_SETTL
STL-BDB744A3,PAY-D614E164,6800.75,2026-03-21 13:17:24,SBI_SETTL
STL-8F6C4E6A,PAY-F6782A92,27622.89,2026-03-03 10:28:45,ICICI_CORP
STL-EAC09269,PAY-6F3E2B78,39395.06,2026-03-31 00:40:54,AXIS_BULK
STL-5C3C846B,PAY-D1A71003,33943.55,2026-03-25 16:24:12,HDFC_01
STL-BACD9DE4,PAY-030DF78E,26014.87,2026-03-31 05:23:01,ICICI_CORP
STL-C98F6C29,PAY-A5F909F5,15865.76,2026-03-11 11:31:25,HDFC_01
STL-29F9CFB3,PAY-6D5570EB,49204.83,2026-03-31 05:40:47,AXIS_BULK
STL-DBB27C4A,PAY-9E262BE2,28995.71,2026-03-20 21:28:23,ICICI_CORP
STL-273E5B45,PAY-D284E6C6,32974.87,2026-03-03 16:04:04,ICICI_CORP
STL-9E843A4F,PAY-FFACB49E,40303.44,2026-03-25 23:48:07,ICICI_CORP
STL-AA77F134,PAY-07C4ECE8,23094.86,2026-03-24 13:34:41,AXIS_BULK
STL-97EA234C,PAY-4A5F58F0,40842.82,2026-03-26 09:24:48,ICICI_CORP
STL-5ABF8D45,PAY-152C4DB1,43144.0,2026-03-22 21:37:22,SBI_SETTL
STL-7A37DE64,PAY-6A0D708E,38994.9,2026-03-25 11:20:12,AXIS_BULK
STL-16B90578,PAY-79CC81CB,35820.47,2026-03-14 02:09:29,SBI_SETTL
STL-6ACB1CE5,PAY-E03B67EE,4488.59,2026-03-10 06:46:08,ICICI_CORP
STL-F0FB8E2A,PAY-F69CE538,11090.67,2026-03-22 07:11:38,AXIS_BULK
STL-BE702D60,PAY-60353D04,3582.15,2026-03-21 12:57:29,AXIS_BULK
STL-6E870B63,PAY-49262DAD,791.86,2026-03-19 10:14:42,AXIS_BULK
STL-638DA8EE,PAY-BC257525,37502.03,2026-03-28 06:33:02,ICICI_CORP
STL-35B5DB92,PAY-C6DCE39D,22073.88,2026-03-04 17:45:29,AXIS_BULK
STL-67DCA632,PAY-0CF00BFC,8669.71,2026-03-23 16:31:15,AXIS_BULK
STL-31808A59,PAY-9A3341E4,28437.4,2026-03-04 15:36:52,ICICI_CORP
STL-2561B1F7,PAY-55D349BB,9495.59,2026-03-15 06:12:24,ICICI_CORP
STL-F2CE0B50,PAY-031276D4,16678.87,2026-03-20 16:08:32,SBI_SETTL
STL-CB223D7C,PAY-D78CF849,23780.19,2026-03-27 23:11:36,ICICI_CORP
STL-AF3707C3,PAY-4198BD28,3896.61,2026-04-01 01:53:30,ICICI_CORP
STL-6D637DA7,PAY-39A8A601,42041.83,2026-03-30 16:40:28,ICICI_CORP
STL-3802FDD9,PAY-830DE595,33638.21,2026-03-29 02:02:01,SBI_SETTL
STL-18877B5F,PAY-2C7142E9,18760.31,2026-03-29 23:48:08,SBI_SETTL
STL-B7D2CB38,PAY-4FB063EA,29144.89,2026-03-17 14:47:22,ICICI_CORP
STL-B7697CCB,PAY-1316818D,29808.84,2026-03-30 23:08:14,SBI_SETTL
STL-2372CFE0,PAY-8BD289FF,30220.37,2026-03-07 22:17:59,SBI_SETTL
STL-3AD47F84,PAY-024136B5,21704.71,2026-03-20 06:45:45,HDFC_01
STL-B639EF34,PAY-A535B514,41205.38,2026-03-08 05:19:51,AXIS_BULK
STL-2F8D3934,PAY-8F5D932F,8073.06,2026-03-11 10:27:37,AXIS_BULK
STL-8EEE42B6,PAY-E540B874,22060.94,2026-03-30 09:10:27,ICICI_CORP
STL-B47CE3D8,PAY-3B5C3E85,14306.95,2026-03-23 22:25:14,AXIS_BULK
STL-8D5FBB50,PAY-ECAA75F2,1920.65,2026-03-18 05:01:43,ICICI_CORP
STL-8474BB6F,PAY-B5FA905F,39992.7,2026-03-18 21:46:33,HDFC_01
STL-D72D76DE,PAY-F43080B2,47429.1,2026-03-07 07:32:13,AXIS_BULK
STL-4817651D,PAY-DD4001A1,38029.15,2026-03-25 02:05:21,HDFC_01
STL-EFCD3B37,PAY-1495FCCA,15064.66,2026-03-21 19:44:14,SBI_SETTL
STL-FEB3C863,PAY-441FC40E,27896.91,2026-03-19 01:31:47,SBI_SETTL
STL-46230EE1,PAY-1AFCDD75,22960.39,2026-03-16 08:56:18,HDFC_01
STL-60D26DC7,PAY-1719CCD9,10032.92,2026-03-07 20:39:44,ICICI_CORP
STL-CBC5FC89,PAY-48C21D6B,37060.93,2026-03-16 00:04:38,HDFC_01
STL-CC961ADD,PAY-B7F7BE2D,15164.2,2026-03-19 20:11:41,HDFC_01
STL-7BDD1D7B,PAY-D8770D4F,26939.69,2026-03-14 21:37:33,SBI_SETTL
STL-0A48B955,PAY-ED4F2335,47232.44,2026-03-31 10:47:21,HDFC_01
STL-00BE6E8B,PAY-55E970DA,14574.8,2026-03-25 04:56:55,ICICI_CORP
STL-AB6DE4F4,PAY-9CD65450,12997.68,2026-03-24 03:49:08,AXIS_BULK
STL-D1DCFA83,PAY-0CDDF46D,4167.07,2026-03-31 01:31:37,ICICI_CORP
STL-74F350DF,PAY-3FA00DC5,47481.72,2026-03-06 07:04:17,AXIS_BULK
STL-177F0FF3,PAY-2B797E31,30008.28,2026-03-31 13:30:05,AXIS_BULK
STL-6C9DBA10,PAY-DC731AC6,15218.98,2026-03-30 04:52:49,HDFC_01
STL-F87FD4E0,PAY-DA2B9B51,48025.38,2026-03-06 22:24:56,SBI_SETTL
STL-F6494FF8,PAY-C2B548E3,4518.78,2026-03-13 08:00:38,ICICI_CORP
STL-9056C87E,PAY-90E0EEF1,20721.62,2026-03-30 10:40:10,HDFC_01
STL-CFB265D8,PAY-F71E651F,14761.19,2026-03-15 06:52:02,ICICI_CORP
STL-05A57EC0,PAY-F26447FF,39497.49,2026-03-31 20:44:51,HDFC_01
STL-5F41CD50,PAY-D515E2F6,11628.07,2026-03-09 04:46:26,HDFC_01
STL-48E1DFF8,PAY-EAF27652,8713.18,2026-03-17 10:01:37,HDFC_01
STL-42890B16,PAY-816BB192,34589.56,2026-03-21 17:40:29,AXIS_BULK
STL-AEB44D94,PAY-4CD910D3,30102.81,2026-03-23 01:55:55,HDFC_01
STL-EA61C6D6,PAY-40D9A51E,11831.76,2026-03-29 14:16:20,HDFC_01
STL-B0C785F4,PAY-BC5F133C,37935.31,2026-03-24 19:58:35,SBI_SETTL
STL-208ED27E,PAY-F0098F02,49848.8,2026-03-22 06:10:21,AXIS_BULK
STL-354B6C1C,PAY-032060FC,20713.23,2026-03-17 00:41:03,SBI_SETTL
STL-FEA2B64E,PAY-2A4FF9CC,34836.85,2026-03-15 12:51:35,AXIS_BULK
STL-613562E7,PAY-11F9B150,16068.6,2026-03-18 03:07:09,HDFC_01
STL-F42591F7,PAY-D7CCA5D7,43533.69,2026-03-23 10:39:41,ICICI_CORP
STL-E4BC7F69,PAY-3DF99A4C,18408.08,2026-03-25 02:32:56,ICICI_CORP
STL-E31EA85A,PAY-A2381199,27686.37,2026-03-16 12:39:54,HDFC_01
STL-894F25E4,PAY-C6D22E9E,48670.77,2026-03-30 03:05:12,SBI_SETTL
STL-6DD42E53,PAY-80CC6DC0,1176.89,2026-03-20 23:38:57,HDFC_01
STL-E2AD9AB9,PAY-79FB2CF9,47379.51,2026-04-01 21:29:28,SBI_SETTL
STL-FA0F1948,PAY-DA89BC41,35417.88,2026-03-22 07:53:17,ICICI_CORP
STL-AB2E35F9,PAY-B6E5446B,27787.62,2026-03-19 20:59:47,HDFC_01
STL-0AADF5B5,PAY-C6C9C09C,38747.42,2026-03-22 07:16:04,HDFC_01
STL-9126A2DD,PAY-8AF39519,36439.52,2026-03-29 03:09:20,AXIS_BULK
STL-A027B118,PAY-ED50D65F,24474.9,2026-03-18 13:10:52,AXIS_BULK
STL-F4A72085,PAY-68F8DBD4,43545.28,2026-03-13 06:53:26,AXIS_BULK
STL-3EBBAA81,PAY-50B9F733,16249.73,2026-03-24 22:39:25,ICICI_CORP
STL-1F549549,PAY-86372DA9,48258.81,2026-03-09 03:57:27,HDFC_01
STL-C2AB3A6F,PAY-11FDFE15,5435.73,2026-03-23 05:05:17,AXIS_BULK
STL-67BF7518,PAY-A7C350D0,48512.86,2026-03-06 19:47:10,SBI_SETTL
STL-EE3F9F55,PAY-FECC6CD1,34788.88,2026-04-01 23:47:51,AXIS_BULK
STL-5DE28FD5,PAY-8ABEFFE1,31526.56,2026-03-24 15:02:47,HDFC_01
STL-DE4AC8CD,PAY-60668D1D,31742.47,2026-03-15 11:55:06,AXIS_BULK
STL-CB6F2208,PAY-954AA0ED,38138.3,2026-03-06 23:49:57,SBI_SETTL
STL-BB80FAF4,PAY-A8FDAAEB,2776.55,2026-03-05 23:19:40,SBI_SETTL
STL-59E3BFFB,PAY-DC7601A3,7705.7,2026-03-26 14:13:40,ICICI_CORP
STL-73B8CDBB,PAY-C893B308,4408.93,2026-03-20 19:52:13,ICICI_CORP
STL-B0D29867,PAY-D4ECAC83,23326.92,2026-03-14 23:28:05,HDFC_01
STL-B3708F6B,PAY-FA6A3ED1,45109.87,2026-03-27 07:02:30,AXIS_BULK
STL-EC5CC5A4,PAY-79FD1185,49388.76,2026-03-17 00:48:47,AXIS_BULK
STL-40208790,PAY-97A45D00,10361.24,2026-03-19 22:15:17,ICICI_CORP
STL-EA1AC8F8,PAY-AB1C92C1,28810.17,2026-03-29 13:52:41,HDFC_01
STL-9F03FEF9,PAY-CFBDE616,20092.38,2026-03-02 18:54:59,AXIS_BULK
STL-56570D0B,PAY-86D87631,38899.18,2026-03-12 21:24:10,ICICI_CORP
STL-0DC24D6D,PAY-61B8A809,12906.03,2026-04-01 10:01:20,HDFC_01
STL-0A62F800,PAY-1F86041C,39536.22,2026-03-03 22:29:16,HDFC_01
STL-F3DDC836,PAY-EA6D4E9D,16672.6,2026-03-21 07:51:39,ICICI_CORP
STL-BF3D15B0,PAY-6C503C5F,43884.8,2026-03-20 01:40:41,ICICI_CORP
STL-ED88AF41,PAY-9D74BE2E,45745.42,2026-03-25 08:20:41,HDFC_01
STL-B868E0A9,PAY-517EEF86,48163.22,2026-03-09 19:46:05,SBI_SETTL
STL-F787835C,PAY-B0BCC839,39638.76,2026-03-03 01:14:25,AXIS_BULK
STL-75D71102,PAY-FA6770E6,33805.0,2026-03-15 08:24:25,HDFC_01
STL-3001E0DB,PAY-2EB2438C,12074.18,2026-03-04 13:24:57,ICICI_CORP
STL-83D5359E,PAY-80FF84E8,3629.24,2026-03-24 13:08:44,HDFC_01
STL-D63273BF,PAY-0F330887,2744.67,2026-03-05 02:40:45,HDFC_01
STL-77C37B2C,PAY-A72BCB75,12122.6,2026-03-27 21:09:19,AXIS_BULK
STL-8CA30836,PAY-B766CF67,33689.07,2026-03-27 00:05:44,AXIS_BULK
STL-C3D40FD3,PAY-AB546BE9,5401.57,2026-03-25 16:32:38,HDFC_01
STL-4F29C7A7,PAY-1B83B3AA,18841.23,2026-03-22 14:20:57,SBI_SETTL
STL-86A77D46,PAY-19D902D2,49055.92,2026-03-20 03:17:48,HDFC_01
STL-9D0A2A61,PAY-5434EA17,14156.13,2026-03-07 23:29:02,ICICI_CORP
STL-D82F089E,PAY-8B531659,32154.9,2026-03-04 09:19:35,ICICI_CORP
STL-128ADBB6,PAY-EB6D3579,39455.42,2026-03-11 18:08:45,ICICI_CORP
STL-916EAB2B,PAY-2F26428A,16763.7,2026-03-10 03:10:11,ICICI_CORP
STL-6B6DFAC4,PAY-64D0AFDC,27240.67,2026-03-10 08:36:06,ICICI_CORP
STL-B06B499E,PAY-DBB1964A,18232.99,2026-03-13 05:55:55,ICICI_CORP
STL-754F0BB4,PAY-153AF08C,3093.75,2026-03-21 13:52:39,HDFC_01
STL-3619C871,PAY-7897D4D2,22689.62,2026-03-18 21:30:32,AXIS_BULK
STL-80E9E812,PAY-D5FE7FE8,11466.71,2026-03-31 09:51:32,AXIS_BULK
STL-27EDF778,PAY-F4038F87,48219.3,2026-03-06 04:30:15,AXIS_BULK
STL-6D217E20,PAY-0C392A11,5844.11,2026-03-22 14:29:47,SBI_SETTL
STL-0359CB72,PAY-9716924B,7842.52,2026-03-09 03:52:30,AXIS_BULK
STL-7F4189E4,PAY-C9609991,26762.56,2026-03-24 01:38:28,HDFC_01
STL-31464517,PAY-A9D930FF,6163.5,2026-04-01 05:11:52,AXIS_BULK
STL-D06544ED,PAY-F88497A5,44460.51,2026-03-22 06:02:03,AXIS_BULK
STL-6C8BB9DE,PAY-6475CAB6,36615.82,2026-03-17 15:26:48,SBI_SETTL
STL-F2ECD9F1,PAY-F67B35A6,47702.83,2026-03-24 00:01:44,HDFC_01
STL-CEDE74AC,PAY-63FEF08C,21877.89,2026-03-19 09:02:16,SBI_SETTL
STL-F67FD239,PAY-A9F7DC3E,6550.45,2026-03-18 12:16:46,SBI_SETTL
STL-8A129895,PAY-C4D36646,15966.22,2026-03-07 03:13:29,ICICI_CORP
STL-075C3D8F,PAY-C0005ECE,24368.38,2026-03-08 08:15:09,HDFC_01
STL-B62EBE98,PAY-53D1A991,14289.13,2026-03-12 17:04:49,SBI_SETTL
STL-5A751E71,PAY-9D65AA8E,9430.6,2026-03-17 11:32:03,HDFC_01
STL-CA0B2BBA,PAY-929CAF8A,43558.2,2026-03-28 04:37:35,ICICI_CORP
STL-5EECA93E,PAY-B21C68C8,31842.01,2026-03-03 19:29:56,AXIS_BULK
STL-26626F2F,PAY-FC1731F6,22955.47,2026-03-10 13:58:19,SBI_SETTL
STL-9E45FF5F,PAY-0E1D4DB5,30013.08,2026-03-04 19:28:29,HDFC_01
STL-5F21195E,PAY-A3331241,4538.29,2026-03-23 14:02:47,AXIS_BULK
STL-C9A6A7F4,PAY-1632BD6C,14021.76,2026-03-26 17:38:08,AXIS_BULK
STL-0C748B3F,PAY-2463E9DC,14520.7,2026-03-30 09:55:19,HDFC_01
STL-699BACD7,PAY-0F0CEF40,20065.54,2026-03-29 16:37:38,ICICI_CORP
STL-D189D2B7,PAY-FB231143,47293.54,2026-03-09 15:55:20,SBI_SETTL
STL-55420B5C,PAY-14F25A12,882.63,2026-03-22 00:24:39,AXIS_BULK
STL-DE4C39D3,PAY-F59973C5,35331.73,2026-03-26 04:29:56,HDFC_01
STL-D5DA98D9,PAY-BB07EC79,43157.34,2026-03-04 08:15:53,AXIS_BULK
STL-3F3803AB,PAY-11E52C1F,43174.45,2026-03-29 14:55:49,AXIS_BULK
STL-9EED027B,PAY-C4156C43,6201.08,2026-03-03 08:48:56,AXIS_BULK
STL-B42BE782,PAY-5DB8D1D6,46028.6,2026-03-06 10:18:53,ICICI_CORP
STL-25C7AB99,PAY-72ECEF47,29649.13,2026-03-27 06:18:50,SBI_SETTL
STL-D9E6DD2D,PAY-279E838C,17305.91,2026-03-17 13:48:36,HDFC_01
STL-AC8EBEDF,PAY-A4F4D777,25742.63,2026-03-18 07:39:09,ICICI_CORP
STL-E9DB92B8,PAY-D540395F,7748.99,2026-03-11 09:29:38,HDFC_01
STL-C37CA820,PAY-22720A7D,47588.96,2026-03-31 23:57:22,AXIS_BULK
STL-B8050952,PAY-7D31C9EC,46245.64,2026-03-29 02:36:55,ICICI_CORP
STL-C85661F4,PAY-9B3976E9,3880.17,2026-03-23 13:02:45,HDFC_01
STL-9FFCE239,PAY-E01B9722,25613.18,2026-03-17 13:06:06,HDFC_01
STL-D636A8E4,PAY-F4B82921,18752.51,2026-03-15 11:33:49,AXIS_BULK
STL-DAEB70DF,PAY-35C72237,29226.31,2026-03-04 06:52:00,SBI_SETTL
STL-F8179CE0,PAY-239F23B9,24043.64,2026-03-10 06:46:41,HDFC_01
STL-644C2EAC,PAY-10E4FCDD,49128.09,2026-03-06 06:10:28,HDFC_01
STL-FAAFBF45,PAY-69CE1118,35527.27,2026-03-22 10:01:38,SBI_SETTL
STL-97E5E4C8,PAY-009AB47D,45937.87,2026-03-21 01:12:39,HDFC_01
STL-F459B8EC,PAY-47A071EA,32541.62,2026-03-05 10:01:58,AXIS_BULK
STL-65DD7AD8,PAY-E53DD1D5,12973.79,2026-04-02 07:09:26,HDFC_01
STL-18035E91,PAY-DE01924F,33348.8,2026-03-19 08:07:48,ICICI_CORP
STL-A87AF209,PAY-B4C98A63,35587.28,2026-03-07 06:34:48,SBI_SETTL
STL-C0711A03,PAY-02C113FF,33670.76,2026-03-27 08:57:57,SBI_SETTL
STL-A4549F60,PAY-9B96BD5A,18448.58,2026-03-11 14:54:59,AXIS_BULK
STL-E81A41B7,PAY-2D2103BC,11713.88,2026-03-08 16:16:29,SBI_SETTL
STL-85EB0580,PAY-2A8BD7E7,25630.64,2026-03-26 23:38:39,SBI_SETTL
STL-1678432B,PAY-5840E628,31092.56,2026-03-29 14:24:22,ICICI_CORP
STL-5EA1C93E,PAY-3551D223,41651.58,2026-03-31 20:23:34,HDFC_01
STL-CCFB524D,PAY-452BB68D,18532.82,2026-03-14 05:29:57,AXIS_BULK
STL-91F3B106,PAY-93A7C0FD,26933.55,2026-03-16 12:05:10,SBI_SETTL
STL-C3A9D99E,PAY-DF7C1E8F,47382.94,2026-03-23 11:18:06,AXIS_BULK
STL-2420E376,PAY-21B6A5C3,26609.26,2026-03-09 19:01:52,SBI_SETTL
STL-F769954F,PAY-7B4CA79F,32238.36,2026-03-19 07:31:53,HDFC_01
STL-2A27379F,PAY-EF60286B,4651.82,2026-03-10 17:08:29,ICICI_CORP
STL-D1B0B921,PAY-2F8C0E62,5039.82,2026-03-13 12:35:00,HDFC_01
STL-5A79D6A7,PAY-7BA10870,3136.22,2026-03-25 06:22:21,AXIS_BULK
STL-65201566,PAY-BB930C79,19058.18,2026-03-03 16:49:53,SBI_SETTL
STL-2ED7EA03,PAY-7CB4FA99,7311.18,2026-03-15 11:24:11,AXIS_BULK
STL-B3A6EECA,PAY-254BDBD5,30959.74,2026-03-07 00:32:19,ICICI_CORP
STL-11948AE7,PAY-9A11B175,27665.81,2026-03-31 03:07:40,HDFC_01
STL-BC32A92F,PAY-74C627E6,12263.19,2026-03-07 23:05:34,AXIS_BULK
STL-EB8FF0C4,PAY-7FDCE31D,39798.01,2026-03-23 05:17:42,AXIS_BULK
STL-AAE9002C,PAY-2A35A0CA,27034.66,2026-03-31 04:19:33,ICICI_CORP
STL-15BEC512,PAY-9C4595FF,21747.33,2026-03-30 09:35:10,AXIS_BULK
STL-BC9C06E5,PAY-27779947,33386.38,2026-03-07 07:34:38,HDFC_01
STL-F4EF29EE,PAY-4A595AD7,27432.06,2026-03-25 12:31:53,AXIS_BULK
STL-645F31D7,PAY-E2DB6A0E,2654.95,2026-03-21 00:37:21,HDFC_01
STL-C133C182,PAY-655B934D,39531.74,2026-03-18 02:38:13,SBI_SETTL
STL-A566D458,PAY-74A55A5B,2694.62,2026-03-27 06:26:03,AXIS_BULK
STL-A817166A,PAY-2D010CD7,24187.29,2026-03-10 17:06:19,AXIS_BULK
STL-EC20F511,PAY-37C379F5,15025.41,2026-03-04 09:51:52,SBI_SETTL
STL-21FAB6FC,PAY-0FA3115F,26011.49,2026-03-28 03:12:12,HDFC_01
STL-97AFDB5A,PAY-C353FD79,32521.57,2026-03-15 10:33:12,SBI_SETTL
STL-3BA381CD,PAY-844C4DE7,6661.51,2026-03-20 04:01:53,AXIS_BULK
STL-3B2314BF,PAY-7A26B60E,17282.31,2026-03-11 22:07:24,SBI_SETTL
STL-6C81427E,PAY-EFF598AA,13702.67,2026-03-06 04:17:47,AXIS_BULK
STL-BEE1EA5D,PAY-06933373,49757.36,2026-03-11 15:10:49,SBI_SETTL
STL-9D620623,PAY-8260857C,4463.41,2026-03-16 20:57:46,AXIS_BULK
STL-D65F1528,PAY-BC80D7C1,34643.36,2026-03-18 10:01:58,SBI_SETTL
STL-267A73F3,PAY-3A0DD582,49908.45,2026-03-14 21:53:39,AXIS_BULK
STL-E0A8C25D,PAY-EBF3E882,25897.76,2026-03-09 16:44:25,AXIS_BULK
STL-58189CF7,PAY-96318910,6748.39,2026-03-14 03:49:17,AXIS_BULK
STL-51B8B4EF,PAY-365DFE93,2103.07,2026-03-10 09:39:00,SBI_SETTL
STL-A911BB29,PAY-D8344854,38272.68,2026-03-29 12:53:20,AXIS_BULK
STL-A529DE29,PAY-47886122,32653.26,2026-03-13 18:39:08,ICICI_CORP
STL-69FA0BB4,PAY-FE4D68CF,26128.39,2026-03-28 23:30:10,SBI_SETTL
STL-36F6F10D,PAY-A85E9DCF,22590.52,2026-03-31 06:21:36,ICICI_CORP
STL-841E9909,PAY-E7CA1190,7218.56,2026-03-05 18:57:01,AXIS_BULK
STL-8AA688B7,PAY-157FA421,40620.4,2026-03-16 23:07:07,SBI_SETTL
STL-AEAD8AF5,PAY-1779DCF6,42642.42,2026-04-01 10:33:39,ICICI_CORP
STL-EE5C5C88,PAY-1A8DCD05,49264.06,2026-03-09 17:43:11,HDFC_01
STL-E8FEBB9D,PAY-54D57493,27924.06,2026-03-19 05:00:09,HDFC_01
STL-91109C63,PAY-EB322F90,15809.89,2026-03-25 04:53:39,AXIS_BULK
STL-9B1A069C,PAY-F910B9FA,4150.66,2026-03-17 20:16:47,AXIS_BULK
STL-62A45F0F,PAY-B9DD19D4,26109.32,2026-03-08 06:14:52,ICICI_CORP
STL-E981A5A0,PAY-8BA968F1,25391.76,2026-03-04 22:32:13,SBI_SETTL
STL-150F6527,PAY-C8FE8468,8517.36,2026-03-13 16:19:07,HDFC_01
STL-856DB9AB,PAY-B7B9B5CD,10216.95,2026-03-27 11:41:30,SBI_SETTL
STL-F00DE704,PAY-BEAA9035,26907.16,2026-03-25 06:57:36,ICICI_CORP
STL-377AB32C,PAY-6C8E037F,31411.72,2026-03-29 23:01:02,HDFC_01
STL-B06A5961,PAY-6A48C076,2750.36,2026-03-31 14:40:25,AXIS_BULK
STL-D2E5D69E,PAY-556D0009,32130.06,2026-03-26 02:03:49,SBI_SETTL
STL-EF97BD28,PAY-40C2DC5C,12621.46,2026-03-21 21:35:42,HDFC_01
STL-EBF140E5,PAY-7B1F6242,3465.7,2026-03-23 10:12:42,AXIS_BULK
STL-DFEB8E7C,PAY-EE04827A,17339.53,2026-03-09 22:57:50,SBI_SETTL
STL-FD4CAFEE,PAY-8F0E56DC,6972.92,2026-03-19 06:47:33,SBI_SETTL
STL-C3F2CE95,PAY-7A116DA3,23590.39,2026-03-14 14:13:00,ICICI_CORP
STL-230106A2,PAY-00349A6E,3004.96,2026-03-19 21:38:44,ICICI_CORP
STL-7BAFE210,PAY-09E85851,46720.7,2026-03-16 15:35:47,AXIS_BULK
STL-09CD68E7,PAY-BDF3ED89,23607.35,2026-03-16 11:04:24,HDFC_01
STL-65F874CE,PAY-001891AF,25519.5,2026-03-14 08:58:00,HDFC_01
STL-901757B6,PAY-A5C94813,14427.14,2026-03-30 14:42:10,HDFC_01
STL-BD628B88,PAY-5FD0B5DA,21830.92,2026-03-15 10:55:17,SBI_SETTL
STL-78AF0DC9,PAY-499C8D1C,20328.79,2026-03-28 08:57:57,SBI_SETTL
STL-8886E113,PAY-CF6B9908,14785.78,2026-03-21 00:03:28,SBI_SETTL
STL-4B6EF7EE,PAY-21DF21D6,34179.73,2026-03-07 19:47:15,AXIS_BULK
STL-E0EF7AD2,PAY-CFA9731E,39847.41,2026-03-18 20:26:55,ICICI_CORP
STL-9CAB5BD0,PAY-CC83175A,30321.92,2026-03-20 16:29:26,HDFC_01
STL-7EE57604,PAY-2D82CF04,7283.3,2026-03-18 13:50:12,ICICI_CORP
STL-A9E6B1CE,PAY-63DFC9A8,44710.02,2026-03-09 18:42:57,ICICI_CORP
STL-76A7F170,PAY-DDBCCBE5,49535.48,2026-03-17 00:53:02,SBI_SETTL
STL-33E5D31A,PAY-86686978,40879.57,2026-03-19 04:22:59,AXIS_BULK
STL-5EC207B0,PAY-273153BE,15730.05,2026-04-01 01:19:23,SBI_SETTL
STL-010CFF51,PAY-36AC9433,39253.75,2026-03-28 17:52:06,AXIS_BULK
STL-D6BB52AA,PAY-6212EB80,26449.5,2026-03-30 14:58:24,ICICI_CORP
STL-DDE40314,PAY-3C003959,28842.23,2026-03-07 10:03:47,AXIS_BULK
STL-6AA48372,PAY-E99516F2,21229.62,2026-03-22 05:04:54,AXIS_BULK
STL-C98C0603,PAY-6EACF1CA,36506.4,2026-03-08 16:53:35,SBI_SETTL
STL-F6953DFE,PAY-D77B973E,24179.36,2026-03-19 13:37:50,AXIS_BULK
STL-0C44BCC9,PAY-3B99AAB5,17445.19,2026-03-19 13:00:25,ICICI_CORP
STL-646C21A0,PAY-23B84E13,14310.82,2026-03-17 00:04:05,SBI_SETTL
STL-A46DAFB1,PAY-90EAB211,10760.25,2026-03-25 16:09:52,SBI_SETTL
STL-EC5DB948,PAY-4BFDCCE1,46718.17,2026-03-14 20:43:37,AXIS_BULK
STL-DC8185E5,PAY-114F21B0,41009.68,2026-03-09 02:01:38,SBI_SETTL
STL-A916B570,PAY-E74CDBCB,4411.96,2026-03-23 13:13:21,ICICI_CORP
STL-20ABA147,PAY-23A049A7,41483.61,2026-03-15 18:12:57,ICICI_CORP
STL-B3857570,PAY-E8F0B18F,30976.01,2026-03-29 03:00:12,HDFC_01
STL-2F3B7214,PAY-90D5C323,45306.62,2026-03-12 16:31:09,HDFC_01
STL-59A632C6,PAY-AB1B798C,16849.53,2026-03-23 22:00:01,HDFC_01
STL-ED788FB3,PAY-5E1503EF,48906.58,2026-03-10 14:33:38,AXIS_BULK
STL-B27348A8,PAY-1D6C9C90,10373.07,2026-03-16 11:46:54,HDFC_01
STL-C7CFD79F,PAY-EAFC7F55,4928.31,2026-03-28 13:08:08,ICICI_CORP
STL-C7342937,PAY-2492C7B4,44171.13,2026-03-11 10:00:28,AXIS_BULK
STL-C284B426,PAY-FB52D430,46862.13,2026-03-15 14:10:29,SBI_SETTL
STL-3AA757D0,PAY-3DB3837E,30337.76,2026-03-18 15:59:35,AXIS_BULK
STL-6FDAF6E5,PAY-275B77D8,42627.46,2026-03-23 17:14:29,HDFC_01
STL-D5C70548,PAY-ADC94E81,8543.47,2026-03-23 07:17:21,HDFC_01
STL-35CE2D88,PAY-BB5C2681,17187.05,2026-03-15 20:19:00,ICICI_CORP
STL-923E1E29,PAY-1B8C0BD3,42879.25,2026-03-21 20:57:48,HDFC_01
STL-081FB9DC,PAY-DFFBB345,33628.16,2026-03-11 19:50:21,SBI_SETTL
STL-22230D91,PAY-A0756973,838.09,2026-03-20 20:59:10,SBI_SETTL
STL-0E9C7E15,PAY-745F60A1,15446.32,2026-03-29 11:44:15,SBI_SETTL
STL-1DB6E24B,PAY-F54E1FF8,12196.98,2026-03-08 19:11:08,ICICI_CORP
STL-64B5E612,PAY-5211D242,34460.64,2026-03-17 13:41:10,SBI_SETTL
STL-DAD6D4CA,PAY-C789646E,11432.04,2026-03-08 11:57:14,AXIS_BULK
STL-D5AA5430,PAY-3E2F7C0C,49447.48,2026-03-20 10:08:42,ICICI_CORP
STL-2D28ABEB,PAY-8DD45305,12749.54,2026-03-30 12:47:51,SBI_SETTL
STL-74C95E1B,PAY-B1437613,45903.61,2026-03-07 12:33:41,ICICI_CORP
STL-02769C3B,PAY-BC70E347,16741.82,2026-03-26 02:24:56,ICICI_CORP
STL-B6F73503,PAY-2A602E68,29365.81,2026-03-07 13:23:31,HDFC_01
STL-C2242671,PAY-004C4DCE,7031.24,2026-03-21 07:49:03,AXIS_BULK
STL-A7565B80,PAY-AACFFE40,40442.31,2026-03-04 09:49:32,HDFC_01
STL-BAE36CE2,PAY-553BA747,11286.11,2026-03-06 17:46:33,SBI_SETTL
STL-3249BA64,PAY-332BCBF3,3656.12,2026-03-06 03:48:45,HDFC_01
STL-465B632B,PAY-D4F92FA8,20738.91,2026-03-09 13:58:45,AXIS_BULK
STL-1C7DF09B,PAY-F43B7C44,43546.2,2026-03-19 14:22:22,ICICI_CORP
STL-170C32DD,PAY-4B7E07E3,43084.19,2026-03-08 19:35:41,ICICI_CORP
STL-A4724DE0,PAY-35683791,48426.36,2026-03-03 13:47:21,AXIS_BULK
STL-DE0AE43E,PAY-6D7650B3,18024.19,2026-03-13 20:53:16,ICICI_CORP
STL-4EC00617,PAY-DBB9EBC6,32191.75,2026-03-03 21:14:44,HDFC_01
STL-866606E3,PAY-376C39F6,29750.24,2026-03-22 17:37:34,ICICI_CORP
STL-9D68575E,PAY-BD96D866,5054.83,2026-03-05 23:40:21,SBI_SETTL
STL-774ED18B,PAY-042C0EFC,29576.42,2026-03-17 00:17:11,ICICI_CORP
STL-E9AD34FA,PAY-96919584,9124.8,2026-03-05 04:38:55,AXIS_BULK
STL-C71C5F2E,PAY-5646C413,42378.37,2026-04-01 16:43:25,ICICI_CORP
STL-B434D182,PAY-5255AB00,18984.78,2026-03-26 21:37:12,ICICI_CORP
STL-06C94DEA,PAY-34055B40,44529.69,2026-03-28 00:19:41,SBI_SETTL
STL-3F27893A,PAY-C0304957,16512.52,2026-03-06 00:25:00,HDFC_01
STL-DEE50DBF,PAY-E1907321,18920.31,2026-03-29 22:47:30,ICICI_CORP
STL-1E9D77B2,PAY-D7DE496E,10590.51,2026-03-17 13:43:45,HDFC_01
STL-6CED9989,PAY-8E10E0BD,43778.81,2026-03-24 05:08:14,ICICI_CORP
STL-3234E270,PAY-D6AD0B93,15169.94,2026-03-16 07:13:24,SBI_SETTL
STL-8AA34A86,PAY-28E8AB37,42899.19,2026-03-24 15:01:00,SBI_SETTL
STL-7974E064,PAY-A93E0F2D,2513.41,2026-03-13 11:42:24,AXIS_BULK
STL-19F9F027,PAY-DE58CECF,6794.36,2026-03-17 10:20:07,SBI_SETTL
STL-377F2AAB,PAY-9ACE30E9,36986.35,2026-03-24 15:46:21,ICICI_CORP
STL-3B49A854,PAY-9BE16966,29940.52,2026-03-24 15:23:44,HDFC_01
STL-450D73E1,PAY-B68AE314,766.5,2026-03-08 16:12:08,AXIS_BULK
STL-640833DA,PAY-0981D3E5,2242.28,2026-03-31 10:38:17,AXIS_BULK
STL-378C763B,PAY-F38241DA,807.44,2026-03-14 22:09:44,AXIS_BULK
STL-C8503838,PAY-795C4F34,5647.31,2026-03-06 19:16:38,SBI_SETTL
STL-2742571F,PAY-55D9D533,13412.07,2026-03-21 11:31:50,ICICI_CORP
STL-01CC27DD,PAY-81439522,11630.43,2026-03-07 02:03:26,AXIS_BULK
STL-0EBE25FD,PAY-22099B0B,30719.03,2026-03-11 05:11:52,HDFC_01
STL-FEA2F63C,PAY-EDACF513,39798.03,2026-03-13 20:58:58,HDFC_01
STL-39993740,PAY-E6DE0EAD,46216.95,2026-03-27 03:12:58,HDFC_01
STL-C2526E35,PAY-F40C08F9,29037.79,2026-03-20 13:02:49,AXIS_BULK
STL-E348A1FB,PAY-D6575806,44678.03,2026-03-17 12:23:26,HDFC_01
STL-2A69EE50,PAY-B69032FB,15885.87,2026-03-06 21:04:04,HDFC_01
STL-52690E48,PAY-142548F5,13829.69,2026-03-23 22:11:21,AXIS_BULK
STL-3E3FEC9B,PAY-416ACDE8,27744.9,2026-03-20 17:08:53,HDFC_01
STL-A297505E,PAY-CEE06CF8,12514.62,2026-03-20 17:04:28,HDFC_01
STL-A531931E,PAY-C8798714,46856.03,2026-03-22 15:49:14,ICICI_CORP
STL-1E3C94D6,PAY-36EE2C5D,21467.76,2026-03-27 15:59:32,SBI_SETTL
STL-75208E10,PAY-DA305551,3856.68,2026-03-29 15:15:56,AXIS_BULK
STL-71161A30,PAY-B3DEF417,30164.77,2026-03-27 21:11:14,ICICI_CORP
STL-EC299766,PAY-7EF19249,15356.5,2026-03-24 20:38:24,AXIS_BULK
STL-9B36AC3B,PAY-F33F9C3F,24098.95,2026-03-05 22:04:14,ICICI_CORP
STL-ECBE04AC,PAY-DA71C236,4495.13,2026-03-17 06:46:13,SBI_SETTL
STL-BF6DC5D4,PAY-C41D46BC,16548.94,2026-04-02 01:07:19,ICICI_CORP
STL-9E878E2A,PAY-33E32FB7,15716.57,2026-03-21 13:01:53,SBI_SETTL
STL-A366F265,PAY-5304F2FA,14125.36,2026-03-20 07:14:16,ICICI_CORP
STL-49C66D2F,PAY-4A8CA1C1,38147.09,2026-03-04 15:27:06,HDFC_01
STL-6111AE75,PAY-09597B3A,33462.39,2026-03-09 18:03:45,AXIS_BULK
STL-EA687C99,PAY-78298D97,-2238.73,2026-03-30 15:10:15,AXIS_BULK
STL-FA5B3AFD,PAY-46F2B169,-3880.12,2026-03-18 18:46:44,ICICI_CORP
STL-A68D20A4,PAY-47DCE8CF,27152.35,2026-03-10 23:41:32,AXIS_BULK
STL-7C4E4AA0,PAY-5FA429E4,47943.9,2026-03-12 23:17:37,AXIS_BULK
STL-5CE78428,PAY-F7D8AF24,19930.93,2026-03-08 14:49:08,SBI_SETTL
STL-010A9E5B,PAY-5D15D8B3,14797.32,2026-03-10 22:23:51,HDFC_01
STL-BF12544D,PAY-760105A9,21073.71,2026-03-22 14:52:20,ICICI_CORP
STL-B9ED1BB5,PAY-830C12E6,41252.5,2026-03-19 02:46:47,AXIS_BULK
STL-39C5BB97,PAY-019A7C4A,22761.75,2026-03-18 06:44:54,ICICI_CORP
STL-DD6899E8,PAY-9B338F53,39391.71,2026-03-05 02:47:31,ICICI_CORP
STL-A009AFEA,PAY-33B81862,31803.9,2026-03-30 23:47:42,HDFC_01
STL-FB28CAC1,PAY-B8E38FA1,43510.93,2026-03-07 15:48:04,AXIS_BULK
STL-068098E4,PAY-C7EA9A58,49595.99,2026-03-21 21:17:53,SBI_SETTL
STL-34CE03C5,PAY-AFFA329E,45238.11,2026-03-25 22:47:36,ICICI_CORP
STL-CB4BBFBF,PAY-AC8DFBCA,32946.52,2026-03-28 17:57:10,HDFC_01
STL-8620C95D,PAY-E30FF098,29887.14,2026-04-02 01:25:57,SBI_SETTL
STL-DAD68B80,PAY-5BBA8789,49413.67,2026-03-30 15:17:17,ICICI_CORP
STL-06F9CCCB,PAY-2F43D3C9,4921.89,2026-03-25 01:53:02,SBI_SETTL
STL-9A247A5D,PAY-74F2590A,19444.69,2026-03-31 11:26:23,HDFC_01
STL-9201D4A8,PAY-72B35F63,32676.0,2026-04-02 10:45:09,AXIS_BULK
STL-0A208F64,PAY-EFD84B6B,34485.03,2026-03-23 07:17:54,HDFC_01
STL-C1CBBB66,PAY-B5B29217,36635.45,2026-03-29 10:01:49,ICICI_CORP
STL-4B7CB9B5,PAY-7F308CAC,32408.72,2026-03-20 17:07:53,SBI_SETTL
STL-7C05B19A,PAY-1DEB443D,26128.58,2026-04-10 14:33:46,HDFC_01
STL-9153F720,PAY-B2C21A11,24996.94,2026-03-16 13:10:13,HDFC_01
STL-430F7D5E,PAY-17001B74,46729.26,2026-03-26 10:12:28,ICICI_CORP
STL-EC87D192,PAY-D9E77FE3,23815.22,2026-03-12 17:43:18,SBI_SETTL
STL-AEF4BCBE,PAY-25B863C6,2471.43,2026-03-28 04:05:33,AXIS_BULK
STL-4206A0EF,PAY-57D6F1CA,35239.63,2026-03-21 04:05:44,HDFC_01
STL-22B71FC4,PAY-CA967206,4411.57,2026-03-30 15:57:29,HDFC_01
STL-A5309F95,PAY-754157DE,35084.46,2026-03-22 06:39:39,AXIS_BULK
STL-64D6075E,PAY-7D71E6DE,22941.91,2026-04-11 03:00:38,HDFC_01
STL-6D161A58,PAY-4EE0D299,35541.08,2026-03-20 22:24:33,SBI_SETTL
STL-E1CC53A5,PAY-61D5F9F0,18907.54,2026-03-31 15:34:10,AXIS_BULK
STL-470AD189,PAY-E134E9E3,26430.78,2026-04-04 09:12:49,SBI_SETTL
STL-9241ECD3,PAY-CF743F49,25230.7,2026-04-09 05:12:35,SBI_SETTL
STL-4DD206CC,PAY-E1D7918C,5593.79,2026-04-20 12:52:09,HDFC_01
STL-A1C92391,PAY-481C68C5,43005.11,2026-03-24 23:27:15,SBI_SETTL
STL-6282B9A6,PAY-EC48EAC8,46051.21,2026-03-11 13:28:28,ICICI_CORP
STL-30AEC69E,PAY-85D1DDF2,12789.03,2026-03-16 23:29:28,SBI_SETTL
STL-F615E949,PAY-D3A4FA19,25351.03,2026-03-04 19:32:41,HDFC_01
STL-4E7FB1D1,PAY-E8545FEC,3911.86,2026-03-24 14:02:34,SBI_SETTL
STL-512F52B8,PAY-C93A665E,27878.02,2026-03-02 18:45:18,SBI_SETTL
STL-181BB317,PAY-5334880A,39333.11,2026-03-31 18:12:14,SBI_SETTL
STL-C77ED92F,PAY-47AD2312,48606.96,2026-03-11 07:31:49,ICICI_CORP
STL-D374CD8D,PAY-80D627EC,46653.68,2026-03-04 12:08:09,HDFC_01
STL-9351341E,PAY-C323B947,572.37,2026-04-02 08:00:22,HDFC_01
STL-C931D07A,PAY-2E5C76C4,26725.82,2026-03-14 06:11:44,HDFC_01
STL-A1624A02,PAY-A1E5DB55,35726.8,2026-03-07 15:36:32,SBI_SETTL
STL-DB1E2850,PAY-B6AB4D59,48740.46,2026-03-06 06:44:58,AXIS_BULK
STL-E763357F,PAY-F7591D90,29798.84,2026-03-05 06:04:52,ICICI_CORP
STL-D9ADE3A7,PAY-0F4B0DEE,13419.05,2026-03-17 18:07:31,SBI_SETTL
STL-E5B46190,PAY-4FD77915,13961.82,2026-03-05 19:35:53,ICICI_CORP
STL-EE54A95B,PAY-C00EB8C5,8636.56,2026-03-23 15:05:50,SBI_SETTL
STL-2522D0E5,PAY-61607116,10777.99,2026-03-16 10:49:07,HDFC_01
STL-AB96F82B,PAY-C2E18CC8,40476.05,2026-03-17 06:17:30,ICICI_CORP
STL-5D7937C7,PAY-B5E2D80F,35702.29,2026-03-18 14:36:32,SBI_SETTL
STL-DE670796,PAY-A1204B24,41094.44,2026-03-11 07:54:25,ICICI_CORP
