order_id,customer_id,order_amount,order_date,status,ground_truth_label
ORD-1001,Customer_082,6010.89,2026-03-13 22:24:00,COMPLETED,EXACT_MATCH
ORD-1002,Customer_095,5573.51,2026-03-26 05:41:00,COMPLETED,EXACT_MATCH
ORD-1003,Customer_004,5137.91,2026-03-12 00:07:00,COMPLETED,EXACT_MATCH
ORD-1004,Customer_092,32669.28,2026-03-26 05:13:00,COMPLETED,EXACT_MATCH
ORD-1005,Customer_076,14270.44,2026-03-01 17:05:00,COMPLETED,EXACT_MATCH
ORD-1006,Customer_036,8196.24,2026-03-16 17:39:00,COMPLETED,EXACT_MATCH
ORD-1007,Customer_013,18269.48,2026-03-17 01:41:00,COMPLETED,EXACT_MATCH
ORD-1008,Customer_069,6678.9,2026-03-18 15:27:00,COMPLETED,EXACT_MATCH
ORD-1009,Customer_074,10018.29,2026-03-04 13:58:00,COMPLETED,EXACT_MATCH
ORD-1010,Customer_011,42838.23,2026-03-06 00:19:00,COMPLETED,EXACT_MATCH
ORD-1011,Customer_082,41788.47,2026-03-08 19:39:00,COMPLETED,EXACT_MATCH
ORD-1012,Customer_086,13715.4,2026-03-30 21:49:00,COMPLETED,EXACT_MATCH
ORD-1013,Customer_021,23381.88,2026-03-13 16:51:00,COMPLETED,EXACT_MATCH
ORD-1014,Customer_099,38912.0,2026-03-11 20:10:00,COMPLETED,EXACT_MATCH
ORD-1015,Customer_035,3776.34,2026-03-27 05:30:00,COMPLETED,EXACT_MATCH
ORD-1016,Customer_051,44291.82,2026-03-30 16:09:00,COMPLETED,EXACT_MATCH
ORD-1017,Customer_018,12708.06,2026-03-26 23:09:00,COMPLETED,EXACT_MATCH
ORD-1018,Customer_075,20270.33,2026-03-11 09:33:00,COMPLETED,EXACT_MATCH
ORD-1019,Customer_097,2832.26,2026-03-06 09:45:00,COMPLETED,EXACT_MATCH
ORD-1020,Customer_077,3644.62,2026-03-18 18:49:00,COMPLETED,EXACT_MATCH
ORD-1021,Customer_088,36175.73,2026-03-25 20:30:00,COMPLETED,EXACT_MATCH
ORD-1022,Customer_038,22020.88,2026-03-22 01:35:00,COMPLETED,EXACT_MATCH
ORD-1023,Customer_065,45675.08,2026-03-29 20:59:00,COMPLETED,EXACT_MATCH
ORD-1024,Customer_048,38244.28,2026-03-25 23:08:00,COMPLETED,EXACT_MATCH
ORD-1025,Customer_063,1464.1,2026-03-17 22:28:00,COMPLETED,EXACT_MATCH
ORD-1026,Customer_031,43961.48,2026-03-05 00:01:00,COMPLETED,EXACT_MATCH
ORD-1027,Customer_098,26868.96,2026-03-07 03:21:00,COMPLETED,EXACT_MATCH
ORD-1028,Customer_034,26619.85,2026-03-29 00:33:00,COMPLETED,EXACT_MATCH
ORD-1029,Customer_092,15929.96,2026-03-30 23:50:00,COMPLETED,EXACT_MATCH
ORD-1030,Customer_016,12771.33,2026-03-04 07:56:00,COMPLETED,EXACT_MATCH
ORD-1031,Customer_076,11400.76,2026-03-04 15:32:00,COMPLETED,EXACT_MATCH
ORD-1032,Customer_005,43051.95,2026-03-04 15:23:00,COMPLETED,EXACT_MATCH
ORD-1033,Customer_086,24528.02,2026-03-25 22:59:00,COMPLETED,EXACT_MATCH
ORD-1034,Customer_061,40471.1,2026-03-10 01:58:00,COMPLETED,EXACT_MATCH
ORD-1035,Customer_046,21467.14,2026-03-22 16:06:00,COMPLETED,EXACT_MATCH
ORD-1036,Customer_052,36546.57,2026-03-06 09:21:00,COMPLETED,EXACT_MATCH
ORD-1037,Customer_069,22706.37,2026-03-20 14:48:00,COMPLETED,EXACT_MATCH
ORD-1038,Customer_032,43787.05,2026-03-04 20:20:00,COMPLETED,EXACT_MATCH
ORD-1039,Customer_084,49964.48,2026-03-02 02:07:00,COMPLETED,EXACT_MATCH
ORD-1040,Customer_053,24539.24,2026-03-11 03:28:00,COMPLETED,EXACT_MATCH
ORD-1041,Customer_049,606.69,2026-03-19 04:26:00,COMPLETED,EXACT_MATCH
ORD-1042,Customer_055,34981.28,2026-03-26 17:02:00,COMPLETED,EXACT_MATCH
ORD-1043,Customer_038,11276.19,2026-03-04 01:52:00,COMPLETED,EXACT_MATCH
ORD-1044,Customer_008,2982.05,2026-03-23 02:46:00,COMPLETED,EXACT_MATCH
ORD-1045,Customer_066,4465.52,2026-03-09 20:58:00,COMPLETED,EXACT_MATCH
ORD-1046,Customer_052,6434.39,2026-03-27 08:14:00,COMPLETED,EXACT_MATCH
ORD-1047,Customer_054,33039.97,2026-03-27 03:22:00,COMPLETED,EXACT_MATCH
ORD-1048,Customer_027,33651.44,2026-03-15 17:10:00,COMPLETED,EXACT_MATCH
ORD-1049,Customer_017,33748.67,2026-03-15 01:40:00,COMPLETED,EXACT_MATCH
ORD-1050,Customer_002,23185.13,2026-03-27 00:56:00,COMPLETED,EXACT_MATCH
ORD-1051,Customer_065,13627.42,2026-03-17 07:12:00,COMPLETED,EXACT_MATCH
ORD-1052,Customer_037,8308.47,2026-03-26 03:20:00,COMPLETED,EXACT_MATCH
ORD-1053,Customer_085,5627.53,2026-03-07 12:40:00,COMPLETED,EXACT_MATCH
ORD-1054,Customer_096,27884.57,2026-03-13 19:28:00,COMPLETED,EXACT_MATCH
ORD-1055,Customer_027,34531.11,2026-03-13 10:20:00,COMPLETED,EXACT_MATCH
ORD-1056,Customer_007,5068.77,2026-03-20 16:39:00,COMPLETED,EXACT_MATCH
ORD-1057,Customer_043,38670.4,2026-03-30 09:53:00,COMPLETED,EXACT_MATCH
ORD-1058,Customer_071,35430.54,2026-03-26 22:39:00,COMPLETED,EXACT_MATCH
ORD-1059,Customer_089,45244.46,2026-03-26 05:55:00,COMPLETED,EXACT_MATCH
ORD-1060,Customer_056,6808.55,2026-03-15 10:42:00,COMPLETED,EXACT_MATCH
ORD-1061,Customer_027,34262.3,2026-03-06 02:16:00,COMPLETED,EXACT_MATCH
ORD-1062,Customer_031,43297.98,2026-03-09 11:23:00,COMPLETED,EXACT_MATCH
ORD-1063,Customer_095,46262.12,2026-03-20 03:42:00,COMPLETED,EXACT_MATCH
ORD-1064,Customer_090,5850.73,2026-03-03 04:17:00,COMPLETED,EXACT_MATCH
ORD-1065,Customer_059,17808.09,2026-03-11 18:35:00,COMPLETED,EXACT_MATCH
ORD-1066,Customer_052,16748.97,2026-03-04 13:49:00,COMPLETED,EXACT_MATCH
ORD-1067,Customer_087,49066.91,2026-03-25 19:41:00,COMPLETED,EXACT_MATCH
ORD-1068,Customer_034,9339.11,2026-03-13 11:57:00,COMPLETED,EXACT_MATCH
ORD-1069,Customer_045,36562.98,2026-03-15 16:37:00,COMPLETED,EXACT_MATCH
ORD-1070,Customer_074,9908.9,2026-03-03 10:28:00,COMPLETED,EXACT_MATCH
ORD-1071,Customer_047,21849.22,2026-03-16 10:39:00,COMPLETED,EXACT_MATCH
ORD-1072,Customer_065,15809.59,2026-03-20 00:04:00,COMPLETED,EXACT_MATCH
ORD-1073,Customer_071,6800.75,2026-03-20 13:14:00,COMPLETED,EXACT_MATCH
ORD-1074,Customer_052,27622.89,2026-03-01 10:26:00,COMPLETED,EXACT_MATCH
ORD-1075,Customer_056,39395.06,2026-03-29 00:38:00,COMPLETED,EXACT_MATCH
ORD-1076,Customer_057,33943.55,2026-03-24 16:20:00,COMPLETED,EXACT_MATCH
ORD-1077,Customer_037,26014.87,2026-03-30 05:20:00,COMPLETED,EXACT_MATCH
ORD-1078,Customer_087,15865.76,2026-03-10 11:30:00,COMPLETED,EXACT_MATCH
ORD-1079,Customer_032,49204.83,2026-03-29 05:40:00,COMPLETED,EXACT_MATCH
ORD-1080,Customer_081,28995.71,2026-03-18 21:24:00,COMPLETED,EXACT_MATCH
ORD-1081,Customer_019,32974.87,2026-03-01 16:03:00,COMPLETED,EXACT_MATCH
ORD-1082,Customer_023,40303.44,2026-03-24 23:44:00,COMPLETED,EXACT_MATCH
ORD-1083,Customer_016,23094.86,2026-03-22 13:30:00,COMPLETED,EXACT_MATCH
ORD-1084,Customer_079,40842.82,2026-03-24 09:21:00,COMPLETED,EXACT_MATCH
ORD-1085,Customer_096,43144.0,2026-03-21 21:35:00,COMPLETED,EXACT_MATCH
ORD-1086,Customer_099,38994.9,2026-03-23 11:18:00,COMPLETED,EXACT_MATCH
ORD-1087,Customer_010,35820.47,2026-03-12 02:07:00,COMPLETED,EXACT_MATCH
ORD-1088,Customer_070,4488.59,2026-03-08 06:44:00,COMPLETED,EXACT_MATCH
ORD-1089,Customer_091,11090.67,2026-03-20 07:08:00,COMPLETED,EXACT_MATCH
ORD-1090,Customer_054,3582.15,2026-03-20 12:54:00,COMPLETED,EXACT_MATCH
ORD-1091,Customer_062,791.86,2026-03-17 10:12:00,COMPLETED,EXACT_MATCH
ORD-1092,Customer_069,37502.03,2026-03-26 06:31:00,COMPLETED,EXACT_MATCH
ORD-1093,Customer_035,22073.88,2026-03-02 17:42:00,COMPLETED,EXACT_MATCH
ORD-1094,Customer_093,8669.71,2026-03-22 16:30:00,COMPLETED,EXACT_MATCH
ORD-1095,Customer_076,28437.4,2026-03-02 15:36:00,COMPLETED,EXACT_MATCH
ORD-1096,Customer_060,9495.59,2026-03-13 06:09:00,COMPLETED,EXACT_MATCH
ORD-1097,Customer_059,16678.87,2026-03-18 16:06:00,COMPLETED,EXACT_MATCH
ORD-1098,Customer_011,23780.19,2026-03-25 23:11:00,COMPLETED,EXACT_MATCH
ORD-1099,Customer_084,3896.61,2026-03-31 01:53:00,COMPLETED,EXACT_MATCH
ORD-1100,Customer_026,42041.83,2026-03-29 16:39:00,COMPLETED,EXACT_MATCH
ORD-1101,Customer_061,33638.21,2026-03-27 02:00:00,COMPLETED,EXACT_MATCH
ORD-1102,Customer_099,18760.31,2026-03-28 23:47:00,COMPLETED,EXACT_MATCH
ORD-1103,Customer_014,29144.89,2026-03-15 14:44:00,COMPLETED,EXACT_MATCH
ORD-1104,Customer_010,29808.84,2026-03-29 23:06:00,COMPLETED,EXACT_MATCH
ORD-1105,Customer_088,30220.37,2026-03-06 22:13:00,COMPLETED,EXACT_MATCH
ORD-1106,Customer_069,21704.71,2026-03-18 06:45:00,COMPLETED,EXACT_MATCH
ORD-1107,Customer_054,41205.38,2026-03-06 05:16:00,COMPLETED,EXACT_MATCH
ORD-1108,Customer_091,8073.06,2026-03-09 10:23:00,COMPLETED,EXACT_MATCH
ORD-1109,Customer_060,22060.94,2026-03-28 09:08:00,COMPLETED,EXACT_MATCH
ORD-1110,Customer_012,14306.95,2026-03-21 22:23:00,COMPLETED,EXACT_MATCH
ORD-1111,Customer_044,1920.65,2026-03-16 05:00:00,COMPLETED,EXACT_MATCH
ORD-1112,Customer_046,39992.7,2026-03-16 21:44:00,COMPLETED,EXACT_MATCH
ORD-1113,Customer_067,47429.1,2026-03-05 07:30:00,COMPLETED,EXACT_MATCH
ORD-1114,Customer_072,38029.15,2026-03-23 02:01:00,COMPLETED,EXACT_MATCH
ORD-1115,Customer_012,15064.66,2026-03-19 19:42:00,COMPLETED,EXACT_MATCH
ORD-1116,Customer_061,27896.91,2026-03-17 01:28:00,COMPLETED,EXACT_MATCH
ORD-1117,Customer_090,22960.39,2026-03-15 08:54:00,COMPLETED,EXACT_MATCH
ORD-1118,Customer_093,10032.92,2026-03-06 20:35:00,COMPLETED,EXACT_MATCH
ORD-1119,Customer_028,37060.93,2026-03-14 00:00:00,COMPLETED,EXACT_MATCH
ORD-1120,Customer_025,15164.2,2026-03-17 20:10:00,COMPLETED,EXACT_MATCH
ORD-1121,Customer_091,26939.69,2026-03-13 21:37:00,COMPLETED,EXACT_MATCH
ORD-1122,Customer_090,47232.44,2026-03-30 10:43:00,COMPLETED,EXACT_MATCH
ORD-1123,Customer_074,14574.8,2026-03-23 04:53:00,COMPLETED,EXACT_MATCH
ORD-1124,Customer_007,12997.68,2026-03-23 03:48:00,COMPLETED,EXACT_MATCH
ORD-1125,Customer_063,4167.07,2026-03-30 01:31:00,COMPLETED,EXACT_MATCH
ORD-1126,Customer_073,47481.72,2026-03-05 07:02:00,COMPLETED,EXACT_MATCH
ORD-1127,Customer_078,30008.28,2026-03-29 13:28:00,COMPLETED,EXACT_MATCH
ORD-1128,Customer_057,15218.98,2026-03-28 04:49:00,COMPLETED,EXACT_MATCH
ORD-1129,Customer_079,48025.38,2026-03-05 22:23:00,COMPLETED,EXACT_MATCH
ORD-1130,Customer_085,4518.78,2026-03-12 07:59:00,COMPLETED,EXACT_MATCH
ORD-1131,Customer_001,20721.62,2026-03-28 10:36:00,COMPLETED,EXACT_MATCH
ORD-1132,Customer_030,14761.19,2026-03-14 06:48:00,COMPLETED,EXACT_MATCH
ORD-1133,Customer_034,39497.49,2026-03-29 20:43:00,COMPLETED,EXACT_MATCH
ORD-1134,Customer_070,11628.07,2026-03-08 04:44:00,COMPLETED,EXACT_MATCH
ORD-1135,Customer_008,8713.18,2026-03-15 09:59:00,COMPLETED,EXACT_MATCH
ORD-1136,Customer_060,34589.56,2026-03-19 17:38:00,COMPLETED,EXACT_MATCH
ORD-1137,Customer_011,30102.81,2026-03-21 01:53:00,COMPLETED,EXACT_MATCH
ORD-1138,Customer_012,11831.76,2026-03-27 14:16:00,COMPLETED,EXACT_MATCH
ORD-1139,Customer_098,37935.31,2026-03-22 19:54:00,COMPLETED,EXACT_MATCH
ORD-1140,Customer_024,49848.8,2026-03-21 06:06:00,COMPLETED,EXACT_MATCH
ORD-1141,Customer_045,20713.23,2026-03-16 00:40:00,COMPLETED,EXACT_MATCH
ORD-1142,Customer_053,34836.85,2026-03-14 12:48:00,COMPLETED,EXACT_MATCH
ORD-1143,Customer_012,16068.6,2026-03-16 03:06:00,COMPLETED,EXACT_MATCH
ORD-1144,Customer_085,43533.69,2026-03-22 10:36:00,COMPLETED,EXACT_MATCH
ORD-1145,Customer_067,18408.08,2026-03-24 02:29:00,COMPLETED,EXACT_MATCH
ORD-1146,Customer_035,27686.37,2026-03-14 12:36:00,COMPLETED,EXACT_MATCH
ORD-1147,Customer_004,48670.77,2026-03-29 03:03:00,COMPLETED,EXACT_MATCH
ORD-1148,Customer_071,1176.89,2026-03-19 23:38:00,COMPLETED,EXACT_MATCH
ORD-1149,Customer_060,47379.51,2026-03-30 21:28:00,COMPLETED,EXACT_MATCH
ORD-1150,Customer_066,35417.88,2026-03-20 07:49:00,COMPLETED,EXACT_MATCH
ORD-1151,Customer_059,27787.62,2026-03-18 20:58:00,COMPLETED,EXACT_MATCH
ORD-1152,Customer_036,38747.42,2026-03-20 07:13:00,COMPLETED,EXACT_MATCH
ORD-1153,Customer_037,36439.52,2026-03-28 03:05:00,COMPLETED,EXACT_MATCH
ORD-1154,Customer_069,24474.9,2026-03-16 13:06:00,COMPLETED,EXACT_MATCH
ORD-1155,Customer_042,43545.28,2026-03-12 06:50:00,COMPLETED,EXACT_MATCH
ORD-1156,Customer_006,16249.73,2026-03-22 22:36:00,COMPLETED,EXACT_MATCH
ORD-1157,Customer_064,48258.81,2026-03-07 03:53:00,COMPLETED,EXACT_MATCH
ORD-1158,Customer_057,5435.73,2026-03-22 05:05:00,COMPLETED,EXACT_MATCH
ORD-1159,Customer_084,48512.86,2026-03-04 19:43:00,COMPLETED,EXACT_MATCH
ORD-1160,Customer_080,34788.88,2026-03-30 23:47:00,COMPLETED,EXACT_MATCH
ORD-1161,Customer_041,31526.56,2026-03-23 14:58:00,COMPLETED,EXACT_MATCH
ORD-1162,Customer_031,31742.47,2026-03-14 11:53:00,COMPLETED,EXACT_MATCH
ORD-1163,Customer_013,38138.3,2026-03-05 23:46:00,COMPLETED,EXACT_MATCH
ORD-1164,Customer_004,2776.55,2026-03-03 23:17:00,COMPLETED,EXACT_MATCH
ORD-1165,Customer_056,7705.7,2026-03-25 14:10:00,COMPLETED,EXACT_MATCH
ORD-1166,Customer_023,4408.93,2026-03-18 19:50:00,COMPLETED,EXACT_MATCH
ORD-1167,Customer_030,23326.92,2026-03-12 23:24:00,COMPLETED,EXACT_MATCH
ORD-1168,Customer_060,45109.87,2026-03-26 07:01:00,COMPLETED,EXACT_MATCH
ORD-1169,Customer_045,49388.76,2026-03-15 00:45:00,COMPLETED,EXACT_MATCH
ORD-1170,Customer_039,10361.24,2026-03-18 22:11:00,COMPLETED,EXACT_MATCH
ORD-1171,Customer_049,28810.17,2026-03-27 13:50:00,COMPLETED,EXACT_MATCH
ORD-1172,Customer_085,20092.38,2026-03-01 18:50:00,COMPLETED,EXACT_MATCH
ORD-1173,Customer_037,38899.18,2026-03-11 21:21:00,COMPLETED,EXACT_MATCH
ORD-1174,Customer_080,12906.03,2026-03-31 10:00:00,COMPLETED,EXACT_MATCH
ORD-1175,Customer_040,39536.22,2026-03-02 22:26:00,COMPLETED,EXACT_MATCH
ORD-1176,Customer_038,16672.6,2026-03-20 07:50:00,COMPLETED,EXACT_MATCH
ORD-1177,Customer_070,43884.8,2026-03-18 01:36:00,COMPLETED,EXACT_MATCH
ORD-1178,Customer_033,45745.42,2026-03-23 08:18:00,COMPLETED,EXACT_MATCH
ORD-1179,Customer_060,48163.22,2026-03-07 19:44:00,COMPLETED,EXACT_MATCH
ORD-1180,Customer_012,39638.76,2026-03-02 01:12:00,COMPLETED,EXACT_MATCH
ORD-1181,Customer_048,33805.0,2026-03-13 08:21:00,COMPLETED,EXACT_MATCH
ORD-1182,Customer_087,12074.18,2026-03-02 13:20:00,COMPLETED,EXACT_MATCH
ORD-1183,Customer_083,3629.24,2026-03-22 13:06:00,COMPLETED,EXACT_MATCH
ORD-1184,Customer_018,2744.67,2026-03-03 02:38:00,COMPLETED,EXACT_MATCH
ORD-1185,Customer_013,12122.6,2026-03-25 21:08:00,COMPLETED,EXACT_MATCH
ORD-1186,Customer_048,33689.07,2026-03-26 00:02:00,COMPLETED,EXACT_MATCH
ORD-1187,Customer_084,5401.57,2026-03-23 16:29:00,COMPLETED,EXACT_MATCH
ORD-1188,Customer_089,18841.23,2026-03-21 14:17:00,COMPLETED,EXACT_MATCH
ORD-1189,Customer_013,49055.92,2026-03-18 03:13:00,COMPLETED,EXACT_MATCH
ORD-1190,Customer_051,14156.13,2026-03-06 23:25:00,COMPLETED,EXACT_MATCH
ORD-1191,Customer_083,32154.9,2026-03-02 09:19:00,COMPLETED,EXACT_MATCH
ORD-1192,Customer_017,39455.42,2026-03-10 18:08:00,COMPLETED,EXACT_MATCH
ORD-1193,Customer_030,16763.7,2026-03-08 03:10:00,COMPLETED,EXACT_MATCH
ORD-1194,Customer_017,27240.67,2026-03-09 08:35:00,COMPLETED,EXACT_MATCH
ORD-1195,Customer_002,18232.99,2026-03-12 05:53:00,COMPLETED,EXACT_MATCH
ORD-1196,Customer_034,3093.75,2026-03-20 13:48:00,COMPLETED,EXACT_MATCH
ORD-1197,Customer_061,22689.62,2026-03-17 21:26:00,COMPLETED,EXACT_MATCH
ORD-1198,Customer_065,11466.71,2026-03-29 09:51:00,COMPLETED,EXACT_MATCH
ORD-1199,Customer_083,48219.3,2026-03-04 04:26:00,COMPLETED,EXACT_MATCH
ORD-1200,Customer_088,5844.11,2026-03-21 14:29:00,COMPLETED,EXACT_MATCH
ORD-1201,Customer_078,7842.52,2026-03-07 03:50:00,COMPLETED,EXACT_MATCH
ORD-1202,Customer_077,26762.56,2026-03-22 01:34:00,COMPLETED,EXACT_MATCH
ORD-1203,Customer_090,6163.5,2026-03-31 05:07:00,COMPLETED,EXACT_MATCH
ORD-1204,Customer_058,44460.51,2026-03-20 05:59:00,COMPLETED,EXACT_MATCH
ORD-1205,Customer_054,36615.82,2026-03-15 15:23:00,COMPLETED,EXACT_MATCH
ORD-1206,Customer_048,47702.83,2026-03-23 00:01:00,COMPLETED,EXACT_MATCH
ORD-1207,Customer_012,21877.89,2026-03-18 09:01:00,COMPLETED,EXACT_MATCH
ORD-1208,Customer_086,6550.45,2026-03-17 12:13:00,COMPLETED,EXACT_MATCH
ORD-1209,Customer_077,15966.22,2026-03-06 03:09:00,COMPLETED,EXACT_MATCH
ORD-1210,Customer_085,24368.38,2026-03-06 08:12:00,COMPLETED,EXACT_MATCH
ORD-1211,Customer_098,14289.13,2026-03-11 17:01:00,COMPLETED,EXACT_MATCH
ORD-1212,Customer_004,9430.6,2026-03-15 11:29:00,COMPLETED,EXACT_MATCH
ORD-1213,Customer_024,43558.2,2026-03-27 04:34:00,COMPLETED,EXACT_MATCH
ORD-1214,Customer_095,31842.01,2026-03-02 19:29:00,COMPLETED,EXACT_MATCH
ORD-1215,Customer_054,22955.47,2026-03-08 13:55:00,COMPLETED,EXACT_MATCH
ORD-1216,Customer_073,30013.08,2026-03-03 19:27:00,COMPLETED,EXACT_MATCH
ORD-1217,Customer_087,4538.29,2026-03-21 13:59:00,COMPLETED,EXACT_MATCH
ORD-1218,Customer_054,14021.76,2026-03-24 17:37:00,COMPLETED,EXACT_MATCH
ORD-1219,Customer_015,14520.7,2026-03-28 09:51:00,COMPLETED,EXACT_MATCH
ORD-1220,Customer_029,20065.54,2026-03-28 16:37:00,COMPLETED,EXACT_MATCH
ORD-1221,Customer_039,47293.54,2026-03-07 15:53:00,COMPLETED,EXACT_MATCH
ORD-1222,Customer_016,882.63,2026-03-21 00:23:00,COMPLETED,EXACT_MATCH
ORD-1223,Customer_069,35331.73,2026-03-24 04:25:00,COMPLETED,EXACT_MATCH
ORD-1224,Customer_051,43157.34,2026-03-03 08:12:00,COMPLETED,EXACT_MATCH
ORD-1225,Customer_010,43174.45,2026-03-27 14:52:00,COMPLETED,EXACT_MATCH
ORD-1226,Customer_038,6201.08,2026-03-02 08:46:00,COMPLETED,EXACT_MATCH
ORD-1227,Customer_089,46028.6,2026-03-05 10:15:00,COMPLETED,EXACT_MATCH
ORD-1228,Customer_056,29649.13,2026-03-25 06:18:00,COMPLETED,EXACT_MATCH
ORD-1229,Customer_096,17305.91,2026-03-16 13:47:00,COMPLETED,EXACT_MATCH
ORD-1230,Customer_068,25742.63,2026-03-17 07:36:00,COMPLETED,EXACT_MATCH
ORD-1231,Customer_014,7748.99,2026-03-10 09:28:00,COMPLETED,EXACT_MATCH
ORD-1232,Customer_023,47588.96,2026-03-29 23:53:00,COMPLETED,EXACT_MATCH
ORD-1233,Customer_088,46245.64,2026-03-27 02:34:00,COMPLETED,EXACT_MATCH
ORD-1234,Customer_057,3880.17,2026-03-21 13:00:00,COMPLETED,EXACT_MATCH
ORD-1235,Customer_046,25613.18,2026-03-15 13:02:00,COMPLETED,EXACT_MATCH
ORD-1236,Customer_008,18752.51,2026-03-14 11:33:00,COMPLETED,EXACT_MATCH
ORD-1237,Customer_060,29226.31,2026-03-03 06:48:00,COMPLETED,EXACT_MATCH
ORD-1238,Customer_078,24043.64,2026-03-08 06:46:00,COMPLETED,EXACT_MATCH
ORD-1239,Customer_044,49128.09,2026-03-05 06:06:00,COMPLETED,EXACT_MATCH
ORD-1240,Customer_032,35527.27,2026-03-21 09:57:00,COMPLETED,EXACT_MATCH
ORD-1241,Customer_048,45937.87,2026-03-19 01:09:00,COMPLETED,EXACT_MATCH
ORD-1242,Customer_081,32541.62,2026-03-04 09:59:00,COMPLETED,EXACT_MATCH
ORD-1243,Customer_037,12973.79,2026-03-31 07:08:00,COMPLETED,EXACT_MATCH
ORD-1244,Customer_075,33348.8,2026-03-17 08:05:00,COMPLETED,EXACT_MATCH
ORD-1245,Customer_077,35587.28,2026-03-05 06:32:00,COMPLETED,EXACT_MATCH
ORD-1246,Customer_017,33670.76,2026-03-25 08:57:00,COMPLETED,EXACT_MATCH
ORD-1247,Customer_003,18448.58,2026-03-09 14:53:00,COMPLETED,EXACT_MATCH
ORD-1248,Customer_025,11713.88,2026-03-07 16:15:00,COMPLETED,EXACT_MATCH
ORD-1249,Customer_013,25630.64,2026-03-25 23:34:00,COMPLETED,EXACT_MATCH
ORD-1250,Customer_099,31092.56,2026-03-28 14:21:00,COMPLETED,EXACT_MATCH
ORD-1251,Customer_024,41651.58,2026-03-29 20:22:00,COMPLETED,EXACT_MATCH
ORD-1252,Customer_053,18532.82,2026-03-12 05:26:00,COMPLETED,EXACT_MATCH
ORD-1253,Customer_030,26933.55,2026-03-15 12:01:00,COMPLETED,EXACT_MATCH
ORD-1254,Customer_087,47382.94,2026-03-21 11:14:00,COMPLETED,EXACT_MATCH
ORD-1255,Customer_065,26609.26,2026-03-08 19:00:00,COMPLETED,EXACT_MATCH
ORD-1256,Customer_007,32238.36,2026-03-18 07:27:00,COMPLETED,EXACT_MATCH
ORD-1257,Customer_037,4651.82,2026-03-08 17:06:00,COMPLETED,EXACT_MATCH
ORD-1258,Customer_056,5039.82,2026-03-11 12:31:00,COMPLETED,EXACT_MATCH
ORD-1259,Customer_054,3136.22,2026-03-24 06:19:00,COMPLETED,EXACT_MATCH
ORD-1260,Customer_011,19058.18,2026-03-02 16:47:00,COMPLETED,EXACT_MATCH
ORD-1261,Customer_019,7311.18,2026-03-14 11:20:00,COMPLETED,EXACT_MATCH
ORD-1262,Customer_058,30959.74,2026-03-05 00:32:00,COMPLETED,EXACT_MATCH
ORD-1263,Customer_020,27665.81,2026-03-29 03:03:00,COMPLETED,EXACT_MATCH
ORD-1264,Customer_037,12263.19,2026-03-06 23:05:00,COMPLETED,EXACT_MATCH
ORD-1265,Customer_082,39798.01,2026-03-22 05:17:00,COMPLETED,EXACT_MATCH
ORD-1266,Customer_077,27034.66,2026-03-30 04:15:00,COMPLETED,EXACT_MATCH
ORD-1267,Customer_038,21747.33,2026-03-29 09:32:00,COMPLETED,EXACT_MATCH
ORD-1268,Customer_024,33386.38,2026-03-05 07:30:00,COMPLETED,EXACT_MATCH
ORD-1269,Customer_068,27432.06,2026-03-24 12:27:00,COMPLETED,EXACT_MATCH
ORD-1270,Customer_061,2654.95,2026-03-19 00:34:00,COMPLETED,EXACT_MATCH
ORD-1271,Customer_046,39531.74,2026-03-17 02:36:00,COMPLETED,EXACT_MATCH
ORD-1272,Customer_018,2694.62,2026-03-26 06:23:00,COMPLETED,EXACT_MATCH
ORD-1273,Customer_090,24187.29,2026-03-09 17:05:00,COMPLETED,EXACT_MATCH
ORD-1274,Customer_005,15025.41,2026-03-03 09:50:00,COMPLETED,EXACT_MATCH
ORD-1275,Customer_040,26011.49,2026-03-26 03:08:00,COMPLETED,EXACT_MATCH
ORD-1276,Customer_097,32521.57,2026-03-14 10:30:00,COMPLETED,EXACT_MATCH
ORD-1277,Customer_035,6661.51,2026-03-18 03:58:00,COMPLETED,EXACT_MATCH
ORD-1278,Customer_050,17282.31,2026-03-09 22:03:00,COMPLETED,EXACT_MATCH
ORD-1279,Customer_067,13702.67,2026-03-05 04:14:00,COMPLETED,EXACT_MATCH
ORD-1280,Customer_078,49757.36,2026-03-09 15:06:00,COMPLETED,EXACT_MATCH
ORD-1281,Customer_014,4463.41,2026-03-14 20:55:00,COMPLETED,EXACT_MATCH
ORD-1282,Customer_022,34643.36,2026-03-17 09:58:00,COMPLETED,EXACT_MATCH
ORD-1283,Customer_079,49908.45,2026-03-13 21:53:00,COMPLETED,EXACT_MATCH
ORD-1284,Customer_047,25897.76,2026-03-08 16:44:00,COMPLETED,EXACT_MATCH
ORD-1285,Customer_005,6748.39,2026-03-12 03:46:00,COMPLETED,EXACT_MATCH
ORD-1286,Customer_073,2103.07,2026-03-08 09:35:00,COMPLETED,EXACT_MATCH
ORD-1287,Customer_057,38272.68,2026-03-27 12:52:00,COMPLETED,EXACT_MATCH
ORD-1288,Customer_041,32653.26,2026-03-12 18:38:00,COMPLETED,EXACT_MATCH
ORD-1289,Customer_064,26128.39,2026-03-26 23:29:00,COMPLETED,EXACT_MATCH
ORD-1290,Customer_091,22590.52,2026-03-29 06:19:00,COMPLETED,EXACT_MATCH
ORD-1291,Customer_016,7218.56,2026-03-04 18:53:00,COMPLETED,EXACT_MATCH
ORD-1292,Customer_012,40620.4,2026-03-15 23:04:00,COMPLETED,EXACT_MATCH
ORD-1293,Customer_039,42642.42,2026-03-30 10:32:00,COMPLETED,EXACT_MATCH
ORD-1294,Customer_016,49264.06,2026-03-07 17:41:00,COMPLETED,EXACT_MATCH
ORD-1295,Customer_047,27924.06,2026-03-18 04:56:00,COMPLETED,EXACT_MATCH
ORD-1296,Customer_009,15809.89,2026-03-23 04:49:00,COMPLETED,EXACT_MATCH
ORD-1297,Customer_074,4150.66,2026-03-15 20:16:00,COMPLETED,EXACT_MATCH
ORD-1298,Customer_088,26109.32,2026-03-07 06:10:00,COMPLETED,EXACT_MATCH
ORD-1299,Customer_056,25391.76,2026-03-03 22:31:00,COMPLETED,EXACT_MATCH
ORD-1300,Customer_022,8517.36,2026-03-11 16:16:00,COMPLETED,EXACT_MATCH
ORD-1301,Customer_033,10216.95,2026-03-26 11:39:00,COMPLETED,EXACT_MATCH
ORD-1302,Customer_079,26907.16,2026-03-24 06:56:00,COMPLETED,EXACT_MATCH
ORD-1303,Customer_085,31411.72,2026-03-28 22:58:00,COMPLETED,EXACT_MATCH
ORD-1304,Customer_011,2750.36,2026-03-30 14:38:00,COMPLETED,EXACT_MATCH
ORD-1305,Customer_080,32130.06,2026-03-24 01:59:00,COMPLETED,EXACT_MATCH
ORD-1306,Customer_062,12621.46,2026-03-19 21:33:00,COMPLETED,EXACT_MATCH
ORD-1307,Customer_089,3465.7,2026-03-21 10:09:00,COMPLETED,EXACT_MATCH
ORD-1308,Customer_027,17339.53,2026-03-07 22:55:00,COMPLETED,EXACT_MATCH
ORD-1309,Customer_052,6972.92,2026-03-18 06:43:00,COMPLETED,EXACT_MATCH
ORD-1310,Customer_031,23590.39,2026-03-13 14:09:00,COMPLETED,EXACT_MATCH
ORD-1311,Customer_013,3004.96,2026-03-18 21:35:00,COMPLETED,EXACT_MATCH
ORD-1312,Customer_042,46720.7,2026-03-15 15:34:00,COMPLETED,EXACT_MATCH
ORD-1313,Customer_066,23607.35,2026-03-15 11:00:00,COMPLETED,EXACT_MATCH
ORD-1314,Customer_051,25519.5,2026-03-12 08:56:00,COMPLETED,EXACT_MATCH
ORD-1315,Customer_007,14427.14,2026-03-28 14:38:00,COMPLETED,EXACT_MATCH
ORD-1316,Customer_014,21830.92,2026-03-13 10:52:00,COMPLETED,EXACT_MATCH
ORD-1317,Customer_006,20328.79,2026-03-27 08:53:00,COMPLETED,EXACT_MATCH
ORD-1318,Customer_071,14785.78,2026-03-18 23:59:00,COMPLETED,EXACT_MATCH
ORD-1319,Customer_080,34179.73,2026-03-06 19:46:00,COMPLETED,EXACT_MATCH
ORD-1320,Customer_048,39847.41,2026-03-16 20:22:00,COMPLETED,EXACT_MATCH
ORD-1321,Customer_026,30321.92,2026-03-19 16:25:00,COMPLETED,EXACT_MATCH
ORD-1322,Customer_005,7283.3,2026-03-16 13:46:00,COMPLETED,EXACT_MATCH
ORD-1323,Customer_078,44710.02,2026-03-07 18:40:00,COMPLETED,EXACT_MATCH
ORD-1324,Customer_051,49535.48,2026-03-15 00:50:00,COMPLETED,EXACT_MATCH
ORD-1325,Customer_061,40879.57,2026-03-18 04:20:00,COMPLETED,EXACT_MATCH
ORD-1326,Customer_075,15730.05,2026-03-30 01:19:00,COMPLETED,EXACT_MATCH
ORD-1327,Customer_084,39253.75,2026-03-27 17:50:00,COMPLETED,EXACT_MATCH
ORD-1328,Customer_022,26449.5,2026-03-29 14:55:00,COMPLETED,EXACT_MATCH
ORD-1329,Customer_005,28842.23,2026-03-06 10:02:00,COMPLETED,EXACT_MATCH
ORD-1330,Customer_041,21229.62,2026-03-20 05:03:00,COMPLETED,EXACT_MATCH
ORD-1331,Customer_095,36506.4,2026-03-07 16:49:00,COMPLETED,EXACT_MATCH
ORD-1332,Customer_085,24179.36,2026-03-18 13:35:00,COMPLETED,EXACT_MATCH
ORD-1333,Customer_069,17445.19,2026-03-17 12:58:00,COMPLETED,EXACT_MATCH
ORD-1334,Customer_032,14310.82,2026-03-15 00:02:00,COMPLETED,EXACT_MATCH
ORD-1335,Customer_091,10760.25,2026-03-23 16:07:00,COMPLETED,EXACT_MATCH
ORD-1336,Customer_072,46718.17,2026-03-13 20:41:00,COMPLETED,EXACT_MATCH
ORD-1337,Customer_051,41009.68,2026-03-08 01:59:00,COMPLETED,EXACT_MATCH
ORD-1338,Customer_092,4411.96,2026-03-21 13:11:00,COMPLETED,EXACT_MATCH
ORD-1339,Customer_026,41483.61,2026-03-13 18:08:00,COMPLETED,EXACT_MATCH
ORD-1340,Customer_014,30976.01,2026-03-28 02:58:00,COMPLETED,EXACT_MATCH
ORD-1341,Customer_086,45306.62,2026-03-11 16:29:00,COMPLETED,EXACT_MATCH
ORD-1342,Customer_053,16849.53,2026-03-22 21:59:00,COMPLETED,EXACT_MATCH
ORD-1343,Customer_071,48906.58,2026-03-08 14:30:00,COMPLETED,EXACT_MATCH
ORD-1344,Customer_084,10373.07,2026-03-14 11:44:00,COMPLETED,EXACT_MATCH
ORD-1345,Customer_099,4928.31,2026-03-27 13:06:00,COMPLETED,EXACT_MATCH
ORD-1346,Customer_054,44171.13,2026-03-09 10:00:00,COMPLETED,EXACT_MATCH
ORD-1347,Customer_024,46862.13,2026-03-14 14:10:00,COMPLETED,EXACT_MATCH
ORD-1348,Customer_073,30337.76,2026-03-16 15:57:00,COMPLETED,EXACT_MATCH
ORD-1349,Customer_018,42627.46,2026-03-22 17:12:00,COMPLETED,EXACT_MATCH
ORD-1350,Customer_043,8543.47,2026-03-22 07:15:00,COMPLETED,EXACT_MATCH
ORD-1351,Customer_095,17187.05,2026-03-14 20:14:00,COMPLETED,EXACT_MATCH
ORD-1352,Customer_079,42879.25,2026-03-19 20:54:00,COMPLETED,EXACT_MATCH
ORD-1353,Customer_052,33628.16,2026-03-09 19:49:00,COMPLETED,EXACT_MATCH
ORD-1354,Customer_032,838.09,2026-03-18 20:57:00,COMPLETED,EXACT_MATCH
ORD-1355,Customer_043,15446.32,2026-03-27 11:44:00,COMPLETED,EXACT_MATCH
ORD-1356,Customer_089,12196.98,2026-03-06 19:07:00,COMPLETED,EXACT_MATCH
ORD-1357,Customer_052,34460.64,2026-03-15 13:40:00,COMPLETED,EXACT_MATCH
ORD-1358,Customer_079,11432.04,2026-03-07 11:53:00,COMPLETED,EXACT_MATCH
ORD-1359,Customer_096,49447.48,2026-03-18 10:05:00,COMPLETED,EXACT_MATCH
ORD-1360,Customer_098,12749.54,2026-03-28 12:47:00,COMPLETED,EXACT_MATCH
ORD-1361,Customer_010,45903.61,2026-03-06 12:33:00,COMPLETED,EXACT_MATCH
ORD-1362,Customer_022,16741.82,2026-03-25 02:21:00,COMPLETED,EXACT_MATCH
ORD-1363,Customer_092,29365.81,2026-03-05 13:19:00,COMPLETED,EXACT_MATCH
ORD-1364,Customer_059,7031.24,2026-03-20 07:45:00,COMPLETED,EXACT_MATCH
ORD-1365,Customer_087,40442.31,2026-03-02 09:46:00,COMPLETED,EXACT_MATCH
ORD-1366,Customer_096,11286.11,2026-03-04 17:46:00,COMPLETED,EXACT_MATCH
ORD-1367,Customer_090,3656.12,2026-03-04 03:48:00,COMPLETED,EXACT_MATCH
ORD-1368,Customer_037,20738.91,2026-03-07 13:55:00,COMPLETED,EXACT_MATCH
ORD-1369,Customer_058,43546.2,2026-03-18 14:19:00,COMPLETED,EXACT_MATCH
ORD-1370,Customer_084,43084.19,2026-03-06 19:34:00,COMPLETED,EXACT_MATCH
ORD-1371,Customer_094,48946.86,2026-03-01 13:47:00,COMPLETED,AMOUNT_MISMATCH
ORD-1372,Customer_069,19274.19,2026-03-11 20:51:00,COMPLETED,AMOUNT_MISMATCH
ORD-1373,Customer_093,38391.75,2026-03-02 21:11:00,COMPLETED,AMOUNT_MISMATCH
ORD-1374,Customer_013,29900.24,2026-03-21 17:37:00,COMPLETED,AMOUNT_MISMATCH
ORD-1375,Customer_070,11254.83,2026-03-03 23:39:00,COMPLETED,AMOUNT_MISMATCH
ORD-1376,Customer_074,30096.92,2026-03-16 00:15:00,COMPLETED,AMOUNT_MISMATCH
ORD-1377,Customer_053,15374.8,2026-03-04 04:34:00,COMPLETED,AMOUNT_MISMATCH
ORD-1378,Customer_007,48628.37,2026-03-30 16:40:00,COMPLETED,AMOUNT_MISMATCH
ORD-1379,Customer_039,19134.78,2026-03-25 21:33:00,COMPLETED,AMOUNT_MISMATCH
ORD-1380,Customer_060,45779.69,2026-03-27 00:16:00,COMPLETED,AMOUNT_MISMATCH
ORD-1381,Customer_027,16848.02,2026-03-05 00:21:00,COMPLETED,AMOUNT_MISMATCH
ORD-1382,Customer_035,19169.81,2026-03-28 22:47:00,COMPLETED,AMOUNT_MISMATCH
ORD-1383,Customer_062,10840.01,2026-03-16 13:41:00,COMPLETED,AMOUNT_MISMATCH
ORD-1384,Customer_096,49978.81,2026-03-23 05:06:00,COMPLETED,AMOUNT_MISMATCH
ORD-1385,Customer_071,16419.94,2026-03-14 07:10:00,COMPLETED,AMOUNT_MISMATCH
ORD-1386,Customer_066,44199.19,2026-03-22 15:00:00,COMPLETED,AMOUNT_MISMATCH
ORD-1387,Customer_053,2762.91,2026-03-11 11:41:00,COMPLETED,AMOUNT_MISMATCH
ORD-1388,Customer_038,8044.36,2026-03-16 10:18:00,COMPLETED,AMOUNT_MISMATCH
ORD-1389,Customer_033,38286.35,2026-03-23 15:42:00,COMPLETED,AMOUNT_MISMATCH
ORD-1390,Customer_018,36155.52,2026-03-23 15:22:00,COMPLETED,AMOUNT_MISMATCH
ORD-1391,Customer_098,816.0,2026-03-07 16:10:00,COMPLETED,AMOUNT_MISMATCH
ORD-1392,Customer_048,3492.28,2026-03-30 10:34:00,COMPLETED,AMOUNT_MISMATCH
ORD-1393,Customer_002,1327.94,2026-03-13 22:05:00,COMPLETED,AMOUNT_MISMATCH
ORD-1394,Customer_023,5797.31,2026-03-05 19:12:00,COMPLETED,AMOUNT_MISMATCH
ORD-1395,Customer_046,13732.57,2026-03-19 11:31:00,COMPLETED,AMOUNT_MISMATCH
ORD-1396,Customer_090,11679.93,2026-03-05 02:03:00,COMPLETED,AMOUNT_MISMATCH
ORD-1397,Customer_008,32019.03,2026-03-09 05:11:00,COMPLETED,AMOUNT_MISMATCH
ORD-1398,Customer_068,45998.03,2026-03-11 20:57:00,COMPLETED,AMOUNT_MISMATCH
ORD-1399,Customer_088,46316.45,2026-03-26 03:08:00,COMPLETED,AMOUNT_MISMATCH
ORD-1400,Customer_027,29558.29,2026-03-19 13:02:00,COMPLETED,AMOUNT_MISMATCH
ORD-1401,Customer_087,44878.03,2026-03-16 12:20:00,COMPLETED,AMOUNT_MISMATCH
ORD-1402,Customer_013,22135.87,2026-03-04 21:01:00,COMPLETED,AMOUNT_MISMATCH
ORD-1403,Customer_082,14029.69,2026-03-21 22:07:00,COMPLETED,AMOUNT_MISMATCH
ORD-1404,Customer_024,34144.9,2026-03-18 17:08:00,COMPLETED,AMOUNT_MISMATCH
ORD-1405,Customer_011,13764.62,2026-03-18 17:03:00,COMPLETED,AMOUNT_MISMATCH
ORD-1406,Customer_001,47176.53,2026-03-21 15:46:00,COMPLETED,AMOUNT_MISMATCH
ORD-1407,Customer_056,22717.76,2026-03-26 15:55:00,COMPLETED,AMOUNT_MISMATCH
ORD-1408,Customer_071,5106.68,2026-03-28 15:13:00,COMPLETED,AMOUNT_MISMATCH
ORD-1409,Customer_011,36379.77,2026-03-26 21:09:00,COMPLETED,AMOUNT_MISMATCH
ORD-1410,Customer_035,15406.0,2026-03-23 20:37:00,COMPLETED,AMOUNT_MISMATCH
ORD-1411,Customer_039,24469.45,2026-03-04 22:01:00,COMPLETED,AMOUNT_MISMATCH
ORD-1412,Customer_059,5795.13,2026-03-15 06:46:00,COMPLETED,AMOUNT_MISMATCH
ORD-1413,Customer_057,17069.44,2026-03-31 01:06:00,COMPLETED,AMOUNT_MISMATCH
ORD-1414,Customer_062,16052.07,2026-03-19 12:59:00,COMPLETED,AMOUNT_MISMATCH
ORD-1415,Customer_049,14374.86,2026-03-19 07:11:00,COMPLETED,AMOUNT_MISMATCH
ORD-1416,Customer_088,38497.09,2026-03-02 15:23:00,COMPLETED,AMOUNT_MISMATCH
ORD-1417,Customer_053,33812.39,2026-03-07 18:01:00,COMPLETED,AMOUNT_MISMATCH
ORD-1418,Customer_049,4161.27,2026-03-28 15:06:00,COMPLETED,AMOUNT_MISMATCH
ORD-1419,Customer_070,2319.88,2026-03-17 18:42:00,COMPLETED,AMOUNT_MISMATCH
ORD-1420,Customer_085,33402.35,2026-03-08 23:41:00,COMPLETED,AMOUNT_MISMATCH
ORD-1421,Customer_014,1022.11,2026-03-13 04:36:00,COMPLETED,MISSING_RECORD
ORD-1422,Customer_051,23421.63,2026-03-28 04:53:00,COMPLETED,MISSING_RECORD
ORD-1423,Customer_038,21090.78,2026-03-05 07:46:00,COMPLETED,MISSING_RECORD
ORD-1424,Customer_044,23038.97,2026-03-10 19:57:00,COMPLETED,MISSING_RECORD
ORD-1425,Customer_093,34989.78,2026-03-15 22:20:00,COMPLETED,MISSING_RECORD
ORD-1426,Customer_044,32574.51,2026-03-08 21:31:00,COMPLETED,MISSING_RECORD
ORD-1427,Customer_055,47943.9,2026-03-11 23:14:00,COMPLETED,MISSING_RECORD
ORD-1428,Customer_051,1945.02,2026-03-29 08:46:00,COMPLETED,MISSING_RECORD
ORD-1429,Customer_091,11132.41,2026-03-14 02:01:00,COMPLETED,MISSING_RECORD
ORD-1430,Customer_026,23148.75,2026-03-13 08:33:00,COMPLETED,MISSING_RECORD
ORD-1431,Customer_079,19930.93,2026-03-06 14:46:00,COMPLETED,MISSING_RECORD
ORD-1432,Customer_079,29713.33,2026-03-07 12:18:00,COMPLETED,MISSING_RECORD
ORD-1433,Customer_048,34825.11,2026-03-24 15:57:00,COMPLETED,MISSING_RECORD
ORD-1434,Customer_055,9694.81,2026-03-30 08:08:00,COMPLETED,MISSING_RECORD
ORD-1435,Customer_063,14797.32,2026-03-09 22:21:00,COMPLETED,MISSING_RECORD
ORD-1436,Customer_063,7258.47,2026-03-18 21:22:00,COMPLETED,MISSING_RECORD
ORD-1437,Customer_063,21073.71,2026-03-21 14:48:00,COMPLETED,MISSING_RECORD
ORD-1438,Customer_038,2118.41,2026-03-11 15:35:00,COMPLETED,MISSING_RECORD
ORD-1439,Customer_099,38413.02,2026-03-26 10:26:00,COMPLETED,MISSING_RECORD
ORD-1440,Customer_070,41252.5,2026-03-18 02:42:00,COMPLETED,MISSING_RECORD
ORD-1441,Customer_070,11317.83,2026-03-20 18:22:00,COMPLETED,MISSING_RECORD
ORD-1442,Customer_005,22761.75,2026-03-17 06:44:00,COMPLETED,MISSING_RECORD
ORD-1443,Customer_027,40629.78,2026-03-28 04:10:00,COMPLETED,MISSING_RECORD
ORD-1444,Customer_018,39350.04,2026-03-10 20:02:00,COMPLETED,MISSING_RECORD
ORD-1445,Customer_022,16520.85,2026-03-14 17:38:00,COMPLETED,MISSING_RECORD
ORD-1446,Customer_097,39391.71,2026-03-04 02:45:00,COMPLETED,MISSING_RECORD
ORD-1447,Customer_032,7739.05,2026-03-16 01:48:00,COMPLETED,MISSING_RECORD
ORD-1448,Customer_074,31803.9,2026-03-29 23:44:00,COMPLETED,MISSING_RECORD
ORD-1449,Customer_052,26022.87,2026-03-14 01:53:00,COMPLETED,MISSING_RECORD
ORD-1450,Customer_001,43510.93,2026-03-05 15:44:00,COMPLETED,MISSING_RECORD
ORD-1451,Customer_028,48422.36,2026-03-11 01:23:00,COMPLETED,MISSING_RECORD
ORD-1452,Customer_074,6964.42,2026-03-23 12:07:00,COMPLETED,MISSING_RECORD
ORD-1453,Customer_081,39302.54,2026-03-22 07:59:00,COMPLETED,MISSING_RECORD
ORD-1454,Customer_001,49595.99,2026-03-20 21:16:00,COMPLETED,MISSING_RECORD
ORD-1455,Customer_021,43783.96,2026-03-13 21:18:00,COMPLETED,MISSING_RECORD
ORD-1456,Customer_086,45238.11,2026-03-08 22:47:00,COMPLETED,DATE_MISMATCH
ORD-1457,Customer_055,32946.52,2026-03-05 17:57:00,COMPLETED,DATE_MISMATCH
ORD-1458,Customer_017,29887.14,2026-03-25 01:22:00,COMPLETED,DATE_MISMATCH
ORD-1459,Customer_016,49413.67,2026-03-20 15:16:00,COMPLETED,DATE_MISMATCH
ORD-1460,Customer_050,4921.89,2026-03-06 01:52:00,COMPLETED,DATE_MISMATCH
ORD-1461,Customer_018,19444.69,2026-03-07 11:25:00,COMPLETED,DATE_MISMATCH
ORD-1462,Customer_079,32676.0,2026-03-21 10:42:00,COMPLETED,DATE_MISMATCH
ORD-1463,Customer_079,34485.03,2026-03-11 07:17:00,COMPLETED,DATE_MISMATCH
ORD-1464,Customer_076,36635.45,2026-03-17 09:58:00,COMPLETED,DATE_MISMATCH
ORD-1465,Customer_036,32408.72,2026-03-12 17:03:00,COMPLETED,DATE_MISMATCH
ORD-1466,Customer_027,26128.58,2026-03-24 14:32:00,COMPLETED,DATE_MISMATCH
ORD-1467,Customer_031,24996.94,2026-03-06 13:08:00,COMPLETED,DATE_MISMATCH
ORD-1468,Customer_047,46729.26,2026-03-07 10:09:00,COMPLETED,DATE_MISMATCH
ORD-1469,Customer_098,23815.22,2026-03-04 17:43:00,COMPLETED,DATE_MISMATCH
ORD-1470,Customer_028,2471.43,2026-03-04 04:02:00,COMPLETED,DATE_MISMATCH
ORD-1471,Customer_055,35239.63,2026-03-05 04:01:00,COMPLETED,DATE_MISMATCH
ORD-1472,Customer_040,4411.57,2026-03-10 15:56:00,COMPLETED,DATE_MISMATCH
ORD-1473,Customer_040,35084.46,2026-03-12 06:39:00,COMPLETED,DATE_MISMATCH
ORD-1474,Customer_015,22941.91,2026-03-29 03:00:00,COMPLETED,DATE_MISMATCH
ORD-1475,Customer_002,35541.08,2026-03-01 22:23:00,COMPLETED,DATE_MISMATCH
ORD-1476,Customer_022,18907.54,2026-03-13 15:33:00,COMPLETED,DATE_MISMATCH
ORD-1477,Customer_035,26430.78,2026-03-13 09:12:00,COMPLETED,DATE_MISMATCH
ORD-1478,Customer_008,25230.7,2026-03-27 05:11:00,COMPLETED,DATE_MISMATCH
ORD-1479,Customer_099,5593.79,2026-03-27 12:51:00,COMPLETED,DATE_MISMATCH
ORD-1480,Customer_006,43005.11,2026-03-01 23:25:00,COMPLETED,DATE_MISMATCH
ORD-1481,Customer_050,46051.21,2026-03-09 13:28:00,COMPLETED,DUPLICATE
ORD-1482,Customer_042,12789.03,2026-03-15 23:27:00,COMPLETED,DUPLICATE
ORD-1483,Customer_016,25351.03,2026-03-03 19:31:00,COMPLETED,DUPLICATE
ORD-1484,Customer_052,3911.86,2026-03-22 14:00:00,COMPLETED,DUPLICATE
ORD-1485,Customer_012,27878.02,2026-03-01 18:42:00,COMPLETED,DUPLICATE
ORD-1486,Customer_073,39333.11,2026-03-29 18:10:00,COMPLETED,DUPLICATE
ORD-1487,Customer_076,48606.96,2026-03-10 07:27:00,COMPLETED,DUPLICATE
ORD-1488,Customer_001,46653.68,2026-03-02 12:06:00,COMPLETED,DUPLICATE
ORD-1489,Customer_043,572.37,2026-03-31 07:57:00,COMPLETED,DUPLICATE
ORD-1490,Customer_027,26725.82,2026-03-12 06:08:00,COMPLETED,DUPLICATE
ORD-1491,Customer_019,35726.8,2026-03-05 15:36:00,COMPLETED,FUZZY_REFERENCE
ORD-1492,Customer_059,48740.46,2026-03-05 06:44:00,COMPLETED,FUZZY_REFERENCE
ORD-1493,Customer_010,29798.84,2026-03-04 06:01:00,COMPLETED,FUZZY_REFERENCE
ORD-1494,Customer_038,13419.05,2026-03-15 18:04:00,COMPLETED,FUZZY_REFERENCE
ORD-1495,Customer_058,13961.82,2026-03-04 19:34:00,COMPLETED,FUZZY_REFERENCE
ORD-1496,Customer_014,8636.56,2026-03-22 15:03:00,COMPLETED,FUZZY_REFERENCE
ORD-1497,Customer_099,10777.99,2026-03-15 10:45:00,COMPLETED,FUZZY_REFERENCE
ORD-1498,Customer_021,40476.05,2026-03-15 06:17:00,COMPLETED,FUZZY_REFERENCE
ORD-1499,Customer_012,35702.29,2026-03-17 14:33:00,COMPLETED,FUZZY_REFERENCE
ORD-1500,Customer_034,41094.44,2026-03-09 07:54:00,COMPLETED,FUZZY_REFERENCE
