payment_id,order_ref,paid_amount,payment_date,gateway_status
PAY-5714E514,ORD-1001,6010.89,2026-03-13 22:26:15,SUCCESS
PAY-29060B55,ORD-1002,5573.51,2026-03-26 05:41:54,SUCCESS
PAY-0D0DF6FE,ORD-1003,5137.91,2026-03-12 00:11:28,SUCCESS
PAY-BB5F4942,ORD-1004,32669.28,2026-03-26 05:16:44,SUCCESS
PAY-3CA3D6CE,ORD-1005,14270.44,2026-03-01 17:06:31,SUCCESS
PAY-B5458181,ORD-1006,8196.24,2026-03-16 17:40:02,SUCCESS
PAY-B0EDBEE0,ORD-1007,18269.48,2026-03-17 01:43:25,SUCCESS
PAY-9F65EF57,ORD-1008,6678.9,2026-03-18 15:27:50,SUCCESS
PAY-17D7D061,ORD-1009,10018.29,2026-03-04 13:58:33,SUCCESS
PAY-165F129B,ORD-1010,42838.23,2026-03-06 00:22:24,SUCCESS
PAY-89BDDF08,ORD-1011,41788.47,2026-03-08 19:42:19,SUCCESS
PAY-1BC7F039,ORD-1012,13715.4,2026-03-30 21:49:46,SUCCESS
PAY-8B0CA7FD,ORD-1013,23381.88,2026-03-13 16:55:55,SUCCESS
PAY-F468A150,ORD-1014,38912.0,2026-03-11 20:10:26,SUCCESS
PAY-109DF2C9,ORD-1015,3776.34,2026-03-27 05:32:51,SUCCESS
PAY-EC8CB4AF,ORD-1016,44291.82,2026-03-30 16:13:04,SUCCESS
PAY-A4C5200D,ORD-1017,12708.06,2026-03-26 23:13:45,SUCCESS
PAY-E15C680D,ORD-1018,20270.33,2026-03-11 09:34:20,SUCCESS
PAY-1C7A2CA6,ORD-1019,2832.26,2026-03-06 09:46:28,SUCCESS
PAY-C51B6682,ORD-1020,3644.62,2026-03-18 18:53:09,SUCCESS
PAY-01B857B7,ORD-1021,36175.73,2026-03-25 20:32:26,SUCCESS
PAY-251E997D,ORD-1022,22020.88,2026-03-22 01:35:11,SUCCESS
PAY-5E53A681,ORD-1023,45675.08,2026-03-29 21:01:42,SUCCESS
PAY-2EAEDF58,ORD-1024,38244.28,2026-03-25 23:12:41,SUCCESS
PAY-E9DE8AAC,ORD-1025,1464.1,2026-03-17 22:30:47,SUCCESS
PAY-A20A4AB3,ORD-1026,43961.48,2026-03-05 00:01:53,SUCCESS
PAY-0F45BDD8,ORD-1027,26868.96,2026-03-07 03:22:15,SUCCESS
PAY-C18E514F,ORD-1028,26619.85,2026-03-29 00:36:46,SUCCESS
PAY-31715EEA,ORD-1029,15929.96,2026-03-30 23:53:21,SUCCESS
PAY-DA8473E4,ORD-1030,12771.33,2026-03-04 07:59:03,SUCCESS
PAY-325334F4,ORD-1031,11400.76,2026-03-04 15:32:40,SUCCESS
PAY-F6F3570C,ORD-1032,43051.95,2026-03-04 15:27:33,SUCCESS
PAY-DA8A59B8,ORD-1033,24528.02,2026-03-25 23:00:17,SUCCESS
PAY-0CD8ADD9,ORD-1034,40471.1,2026-03-10 01:58:58,SUCCESS
PAY-619635B9,ORD-1035,21467.14,2026-03-22 16:06:37,SUCCESS
PAY-D9871521,ORD-1036,36546.57,2026-03-06 09:23:17,SUCCESS
PAY-F260259C,ORD-1037,22706.37,2026-03-20 14:49:43,SUCCESS
PAY-E535B901,ORD-1038,43787.05,2026-03-04 20:23:56,SUCCESS
PAY-84850D43,ORD-1039,49964.48,2026-03-02 02:07:57,SUCCESS
PAY-D9909065,ORD-1040,24539.24,2026-03-11 03:31:35,SUCCESS
PAY-D3F8C32E,ORD-1041,606.69,2026-03-19 04:28:25,SUCCESS
PAY-636F0278,ORD-1042,34981.28,2026-03-26 17:06:19,SUCCESS
PAY-4EFDD574,ORD-1043,11276.19,2026-03-04 01:56:47,SUCCESS
PAY-F4BFA409,ORD-1044,2982.05,2026-03-23 02:50:27,SUCCESS
PAY-F84E7CA7,ORD-1045,4465.52,2026-03-09 20:58:45,SUCCESS
PAY-0997E38D,ORD-1046,6434.39,2026-03-27 08:16:16,SUCCESS
PAY-12CEBA7A,ORD-1047,33039.97,2026-03-27 03:26:37,SUCCESS
PAY-E7E65A51,ORD-1048,33651.44,2026-03-15 17:12:12,SUCCESS
PAY-D8587900,ORD-1049,33748.67,2026-03-15 01:44:04,SUCCESS
PAY-59F6B925,ORD-1050,23185.13,2026-03-27 00:57:01,SUCCESS
PAY-B815B6A8,ORD-1051,13627.42,2026-03-17 07:12:45,SUCCESS
PAY-5BD15EE7,ORD-1052,8308.47,2026-03-26 03:22:44,SUCCESS
PAY-8B13DE94,ORD-1053,5627.53,2026-03-07 12:42:25,SUCCESS
PAY-366D77A4,ORD-1054,27884.57,2026-03-13 19:30:34,SUCCESS
PAY-F8B01095,ORD-1055,34531.11,2026-03-13 10:24:28,SUCCESS
PAY-5AFB6D31,ORD-1056,5068.77,2026-03-20 16:41:31,SUCCESS
PAY-87F6EF64,ORD-1057,38670.4,2026-03-30 09:55:24,SUCCESS
PAY-6A73DB28,ORD-1058,35430.54,2026-03-26 22:39:14,SUCCESS
PAY-50712FBB,ORD-1059,45244.46,2026-03-26 05:55:28,SUCCESS
PAY-CD07C3D2,ORD-1060,6808.55,2026-03-15 10:45:16,SUCCESS
PAY-292335F7,ORD-1061,34262.3,2026-03-06 02:19:11,SUCCESS
PAY-CC2D1563,ORD-1062,43297.98,2026-03-09 11:26:41,SUCCESS
PAY-6C7A1361,ORD-1063,46262.12,2026-03-20 03:44:17,SUCCESS
PAY-6AEB04BC,ORD-1064,5850.73,2026-03-03 04:21:10,SUCCESS
PAY-ACE96F72,ORD-1065,17808.09,2026-03-11 18:37:04,SUCCESS
PAY-C2FDA9B4,ORD-1066,16748.97,2026-03-04 13:51:32,SUCCESS
PAY-6FCCA376,ORD-1067,49066.91,2026-03-25 19:43:59,SUCCESS
PAY-6B089C2D,ORD-1068,9339.11,2026-03-13 11:57:29,SUCCESS
PAY-4267A58B,ORD-1069,36562.98,2026-03-15 16:40:53,SUCCESS
PAY-F6A851C8,ORD-1070,9908.9,2026-03-03 10:31:53,SUCCESS
PAY-5A046825,ORD-1071,21849.22,2026-03-16 10:41:50,SUCCESS
PAY-7834D0B5,ORD-1072,15809.59,2026-03-20 00:06:57,SUCCESS
PAY-D614E164,ORD-1073,6800.75,2026-03-20 13:17:24,SUCCESS
PAY-F6782A92,ORD-1074,27622.89,2026-03-01 10:28:45,SUCCESS
PAY-6F3E2B78,ORD-1075,39395.06,2026-03-29 00:40:54,SUCCESS
PAY-D1A71003,ORD-1076,33943.55,2026-03-24 16:24:12,SUCCESS
PAY-030DF78E,ORD-1077,26014.87,2026-03-30 05:23:01,SUCCESS
PAY-A5F909F5,ORD-1078,15865.76,2026-03-10 11:31:25,SUCCESS
PAY-6D5570EB,ORD-1079,49204.83,2026-03-29 05:40:47,SUCCESS
PAY-9E262BE2,ORD-1080,28995.71,2026-03-18 21:28:23,SUCCESS
PAY-D284E6C6,ORD-1081,32974.87,2026-03-01 16:04:04,SUCCESS
PAY-FFACB49E,ORD-1082,40303.44,2026-03-24 23:48:07,SUCCESS
PAY-07C4ECE8,ORD-1083,23094.86,2026-03-22 13:34:41,SUCCESS
PAY-4A5F58F0,ORD-1084,40842.82,2026-03-24 09:24:48,SUCCESS
PAY-152C4DB1,ORD-1085,43144.0,2026-03-21 21:37:22,SUCCESS
PAY-6A0D708E,ORD-1086,38994.9,2026-03-23 11:20:12,SUCCESS
PAY-79CC81CB,ORD-1087,35820.47,2026-03-12 02:09:29,SUCCESS
PAY-E03B67EE,ORD-1088,4488.59,2026-03-08 06:46:08,SUCCESS
PAY-F69CE538,ORD-1089,11090.67,2026-03-20 07:11:38,SUCCESS
PAY-60353D04,ORD-1090,3582.15,2026-03-20 12:57:29,SUCCESS
PAY-49262DAD,ORD-1091,791.86,2026-03-17 10:14:42,SUCCESS
PAY-BC257525,ORD-1092,37502.03,2026-03-26 06:33:02,SUCCESS
PAY-C6DCE39D,ORD-1093,22073.88,2026-03-02 17:45:29,SUCCESS
PAY-0CF00BFC,ORD-1094,8669.71,2026-03-22 16:31:15,SUCCESS
PAY-9A3341E4,ORD-1095,28437.4,2026-03-02 15:36:52,SUCCESS
PAY-55D349BB,ORD-1096,9495.59,2026-03-13 06:12:24,SUCCESS
PAY-031276D4,ORD-1097,16678.87,2026-03-18 16:08:32,SUCCESS
PAY-D78CF849,ORD-1098,23780.19,2026-03-25 23:11:36,SUCCESS
PAY-4198BD28,ORD-1099,3896.61,2026-03-31 01:53:30,SUCCESS
PAY-39A8A601,ORD-1100,42041.83,2026-03-29 16:40:28,SUCCESS
PAY-830DE595,ORD-1101,33638.21,2026-03-27 02:02:01,SUCCESS
PAY-2C7142E9,ORD-1102,18760.31,2026-03-28 23:48:08,SUCCESS
PAY-4FB063EA,ORD-1103,29144.89,2026-03-15 14:47:22,SUCCESS
PAY-1316818D,ORD-1104,29808.84,2026-03-29 23:08:14,SUCCESS
PAY-8BD289FF,ORD-1105,30220.37,2026-03-06 22:17:59,SUCCESS
PAY-024136B5,ORD-1106,21704.71,2026-03-18 06:45:45,SUCCESS
PAY-A535B514,ORD-1107,41205.38,2026-03-06 05:19:51,SUCCESS
PAY-8F5D932F,ORD-1108,8073.06,2026-03-09 10:27:37,SUCCESS
PAY-E540B874,ORD-1109,22060.94,2026-03-28 09:10:27,SUCCESS
PAY-3B5C3E85,ORD-1110,14306.95,2026-03-21 22:25:14,SUCCESS
PAY-ECAA75F2,ORD-1111,1920.65,2026-03-16 05:01:43,SUCCESS
PAY-B5FA905F,ORD-1112,39992.7,2026-03-16 21:46:33,SUCCESS
PAY-F43080B2,ORD-1113,47429.1,2026-03-05 07:32:13,SUCCESS
PAY-DD4001A1,ORD-1114,38029.15,2026-03-23 02:05:21,SUCCESS
PAY-1495FCCA,ORD-1115,15064.66,2026-03-19 19:44:14,SUCCESS
PAY-441FC40E,ORD-1116,27896.91,2026-03-17 01:31:47,SUCCESS
PAY-1AFCDD75,ORD-1117,22960.39,2026-03-15 08:56:18,SUCCESS
PAY-1719CCD9,ORD-1118,10032.92,2026-03-06 20:39:44,SUCCESS
PAY-48C21D6B,ORD-1119,37060.93,2026-03-14 00:04:38,SUCCESS
PAY-B7F7BE2D,ORD-1120,15164.2,2026-03-17 20:11:41,SUCCESS
PAY-D8770D4F,ORD-1121,26939.69,2026-03-13 21:37:33,SUCCESS
PAY-ED4F2335,ORD-1122,47232.44,2026-03-30 10:47:21,SUCCESS
PAY-55E970DA,ORD-1123,14574.8,2026-03-23 04:56:55,SUCCESS
PAY-9CD65450,ORD-1124,12997.68,2026-03-23 03:49:08,SUCCESS
PAY-0CDDF46D,ORD-1125,4167.07,2026-03-30 01:31:37,SUCCESS
PAY-3FA00DC5,ORD-1126,47481.72,2026-03-05 07:04:17,SUCCESS
PAY-2B797E31,ORD-1127,30008.28,2026-03-29 13:30:05,SUCCESS
PAY-DC731AC6,ORD-1128,15218.98,2026-03-28 04:52:49,SUCCESS
PAY-DA2B9B51,ORD-1129,48025.38,2026-03-05 22:24:56,SUCCESS
PAY-C2B548E3,ORD-1130,4518.78,2026-03-12 08:00:38,SUCCESS
PAY-90E0EEF1,ORD-1131,20721.62,2026-03-28 10:40:10,SUCCESS
PAY-F71E651F,ORD-1132,14761.19,2026-03-14 06:52:02,SUCCESS
PAY-F26447FF,ORD-1133,39497.49,2026-03-29 20:44:51,SUCCESS
PAY-D515E2F6,ORD-1134,11628.07,2026-03-08 04:46:26,SUCCESS
PAY-EAF27652,ORD-1135,8713.18,2026-03-15 10:01:37,SUCCESS
PAY-816BB192,ORD-1136,34589.56,2026-03-19 17:40:29,SUCCESS
PAY-4CD910D3,ORD-1137,30102.81,2026-03-21 01:55:55,SUCCESS
PAY-40D9A51E,ORD-1138,11831.76,2026-03-27 14:16:20,SUCCESS
PAY-BC5F133C,ORD-1139,37935.31,2026-03-22 19:58:35,SUCCESS
PAY-F0098F02,ORD-1140,49848.8,2026-03-21 06:10:21,SUCCESS
PAY-032060FC,ORD-1141,20713.23,2026-03-16 00:41:03,SUCCESS
PAY-2A4FF9CC,ORD-1142,34836.85,2026-03-14 12:51:35,SUCCESS
PAY-11F9B150,ORD-1143,16068.6,2026-03-16 03:07:09,SUCCESS
PAY-D7CCA5D7,ORD-1144,43533.69,2026-03-22 10:39:41,SUCCESS
PAY-3DF99A4C,ORD-1145,18408.08,2026-03-24 02:32:56,SUCCESS
PAY-A2381199,ORD-1146,27686.37,2026-03-14 12:39:54,SUCCESS
PAY-C6D22E9E,ORD-1147,48670.77,2026-03-29 03:05:12,SUCCESS
PAY-80CC6DC0,ORD-1148,1176.89,2026-03-19 23:38:57,SUCCESS
PAY-79FB2CF9,ORD-1149,47379.51,2026-03-30 21:29:28,SUCCESS
PAY-DA89BC41,ORD-1150,35417.88,2026-03-20 07:53:17,SUCCESS
PAY-B6E5446B,ORD-1151,27787.62,2026-03-18 20:59:47,SUCCESS
PAY-C6C9C09C,ORD-1152,38747.42,2026-03-20 07:16:04,SUCCESS
PAY-8AF39519,ORD-1153,36439.52,2026-03-28 03:09:20,SUCCESS
PAY-ED50D65F,ORD-1154,24474.9,2026-03-16 13:10:52,SUCCESS
PAY-68F8DBD4,ORD-1155,43545.28,2026-03-12 06:53:26,SUCCESS
PAY-50B9F733,ORD-1156,16249.73,2026-03-22 22:39:25,SUCCESS
PAY-86372DA9,ORD-1157,48258.81,2026-03-07 03:57:27,SUCCESS
PAY-11FDFE15,ORD-1158,5435.73,2026-03-22 05:05:17,SUCCESS
PAY-A7C350D0,ORD-1159,48512.86,2026-03-04 19:47:10,SUCCESS
PAY-FECC6CD1,ORD-1160,34788.88,2026-03-30 23:47:51,SUCCESS
PAY-8ABEFFE1,ORD-1161,31526.56,2026-03-23 15:02:47,SUCCESS
PAY-60668D1D,ORD-1162,31742.47,2026-03-14 11:55:06,SUCCESS
PAY-954AA0ED,ORD-1163,38138.3,2026-03-05 23:49:57,SUCCESS
PAY-A8FDAAEB,ORD-1164,2776.55,2026-03-03 23:19:40,SUCCESS
PAY-DC7601A3,ORD-1165,7705.7,2026-03-25 14:13:40,SUCCESS
PAY-C893B308,ORD-1166,4408.93,2026-03-18 19:52:13,SUCCESS
PAY-D4ECAC83,ORD-1167,23326.92,2026-03-12 23:28:05,SUCCESS
PAY-FA6A3ED1,ORD-1168,45109.87,2026-03-26 07:02:30,SUCCESS
PAY-79FD1185,ORD-1169,49388.76,2026-03-15 00:48:47,SUCCESS
PAY-97A45D00,ORD-1170,10361.24,2026-03-18 22:15:17,SUCCESS
PAY-AB1C92C1,ORD-1171,28810.17,2026-03-27 13:52:41,SUCCESS
PAY-CFBDE616,ORD-1172,20092.38,2026-03-01 18:54:59,SUCCESS
PAY-86D87631,ORD-1173,38899.18,2026-03-11 21:24:10,SUCCESS
PAY-61B8A809,ORD-1174,12906.03,2026-03-31 10:01:20,SUCCESS
PAY-1F86041C,ORD-1175,39536.22,2026-03-02 22:29:16,SUCCESS
PAY-EA6D4E9D,ORD-1176,16672.6,2026-03-20 07:51:39,SUCCESS
PAY-6C503C5F,ORD-1177,43884.8,2026-03-18 01:40:41,SUCCESS
PAY-9D74BE2E,ORD-1178,45745.42,2026-03-23 08:20:41,SUCCESS
PAY-517EEF86,ORD-1179,48163.22,2026-03-07 19:46:05,SUCCESS
PAY-B0BCC839,ORD-1180,39638.76,2026-03-02 01:14:25,SUCCESS
PAY-FA6770E6,ORD-1181,33805.0,2026-03-13 08:24:25,SUCCESS
PAY-2EB2438C,ORD-1182,12074.18,2026-03-02 13:24:57,SUCCESS
PAY-80FF84E8,ORD-1183,3629.24,2026-03-22 13:08:44,SUCCESS
PAY-0F330887,ORD-1184,2744.67,2026-03-03 02:40:45,SUCCESS
PAY-A72BCB75,ORD-1185,12122.6,2026-03-25 21:09:19,SUCCESS
PAY-B766CF67,ORD-1186,33689.07,2026-03-26 00:05:44,SUCCESS
PAY-AB546BE9,ORD-1187,5401.57,2026-03-23 16:32:38,SUCCESS
PAY-1B83B3AA,ORD-1188,18841.23,2026-03-21 14:20:57,SUCCESS
PAY-19D902D2,ORD-1189,49055.92,2026-03-18 03:17:48,SUCCESS
PAY-5434EA17,ORD-1190,14156.13,2026-03-06 23:29:02,SUCCESS
PAY-8B531659,ORD-1191,32154.9,2026-03-02 09:19:35,SUCCESS
PAY-EB6D3579,ORD-1192,39455.42,2026-03-10 18:08:45,SUCCESS
PAY-2F26428A,ORD-1193,16763.7,2026-03-08 03:10:11,SUCCESS
PAY-64D0AFDC,ORD-1194,27240.67,2026-03-09 08:36:06,SUCCESS
PAY-DBB1964A,ORD-1195,18232.99,2026-03-12 05:55:55,SUCCESS
PAY-153AF08C,ORD-1196,3093.75,2026-03-20 13:52:39,SUCCESS
PAY-7897D4D2,ORD-1197,22689.62,2026-03-17 21:30:32,SUCCESS
PAY-D5FE7FE8,ORD-1198,11466.71,2026-03-29 09:51:32,SUCCESS
PAY-F4038F87,ORD-1199,48219.3,2026-03-04 04:30:15,SUCCESS
PAY-0C392A11,ORD-1200,5844.11,2026-03-21 14:29:47,SUCCESS
PAY-9716924B,ORD-1201,7842.52,2026-03-07 03:52:30,SUCCESS
PAY-C9609991,ORD-1202,26762.56,2026-03-22 01:38:28,SUCCESS
PAY-A9D930FF,ORD-1203,6163.5,2026-03-31 05:11:52,SUCCESS
PAY-F88497A5,ORD-1204,44460.51,2026-03-20 06:02:03,SUCCESS
PAY-6475CAB6,ORD-1205,36615.82,2026-03-15 15:26:48,SUCCESS
PAY-F67B35A6,ORD-1206,47702.83,2026-03-23 00:01:44,SUCCESS
PAY-63FEF08C,ORD-1207,21877.89,2026-03-18 09:02:16,SUCCESS
PAY-A9F7DC3E,ORD-1208,6550.45,2026-03-17 12:16:46,SUCCESS
PAY-C4D36646,ORD-1209,15966.22,2026-03-06 03:13:29,SUCCESS
PAY-C0005ECE,ORD-1210,24368.38,2026-03-06 08:15:09,SUCCESS
PAY-53D1A991,ORD-1211,14289.13,2026-03-11 17:04:49,SUCCESS
PAY-9D65AA8E,ORD-1212,9430.6,2026-03-15 11:32:03,SUCCESS
PAY-929CAF8A,ORD-1213,43558.2,2026-03-27 04:37:35,SUCCESS
PAY-B21C68C8,ORD-1214,31842.01,2026-03-02 19:29:56,SUCCESS
PAY-FC1731F6,ORD-1215,22955.47,2026-03-08 13:58:19,SUCCESS
PAY-0E1D4DB5,ORD-1216,30013.08,2026-03-03 19:28:29,SUCCESS
PAY-A3331241,ORD-1217,4538.29,2026-03-21 14:02:47,SUCCESS
PAY-1632BD6C,ORD-1218,14021.76,2026-03-24 17:38:08,SUCCESS
PAY-2463E9DC,ORD-1219,14520.7,2026-03-28 09:55:19,SUCCESS
PAY-0F0CEF40,ORD-1220,20065.54,2026-03-28 16:37:38,SUCCESS
PAY-FB231143,ORD-1221,47293.54,2026-03-07 15:55:20,SUCCESS
PAY-14F25A12,ORD-1222,882.63,2026-03-21 00:24:39,SUCCESS
PAY-F59973C5,ORD-1223,35331.73,2026-03-24 04:29:56,SUCCESS
PAY-BB07EC79,ORD-1224,43157.34,2026-03-03 08:15:53,SUCCESS
PAY-11E52C1F,ORD-1225,43174.45,2026-03-27 14:55:49,SUCCESS
PAY-C4156C43,ORD-1226,6201.08,2026-03-02 08:48:56,SUCCESS
PAY-5DB8D1D6,ORD-1227,46028.6,2026-03-05 10:18:53,SUCCESS
PAY-72ECEF47,ORD-1228,29649.13,2026-03-25 06:18:50,SUCCESS
PAY-279E838C,ORD-1229,17305.91,2026-03-16 13:48:36,SUCCESS
PAY-A4F4D777,ORD-1230,25742.63,2026-03-17 07:39:09,SUCCESS
PAY-D540395F,ORD-1231,7748.99,2026-03-10 09:29:38,SUCCESS
PAY-22720A7D,ORD-1232,47588.96,2026-03-29 23:57:22,SUCCESS
PAY-7D31C9EC,ORD-1233,46245.64,2026-03-27 02:36:55,SUCCESS
PAY-9B3976E9,ORD-1234,3880.17,2026-03-21 13:02:45,SUCCESS
PAY-E01B9722,ORD-1235,25613.18,2026-03-15 13:06:06,SUCCESS
PAY-F4B82921,ORD-1236,18752.51,2026-03-14 11:33:49,SUCCESS
PAY-35C72237,ORD-1237,29226.31,2026-03-03 06:52:00,SUCCESS
PAY-239F23B9,ORD-1238,24043.64,2026-03-08 06:46:41,SUCCESS
PAY-10E4FCDD,ORD-1239,49128.09,2026-03-05 06:10:28,SUCCESS
PAY-69CE1118,ORD-1240,35527.27,2026-03-21 10:01:38,SUCCESS
PAY-009AB47D,ORD-1241,45937.87,2026-03-19 01:12:39,SUCCESS
PAY-47A071EA,ORD-1242,32541.62,2026-03-04 10:01:58,SUCCESS
PAY-E53DD1D5,ORD-1243,12973.79,2026-03-31 07:09:26,SUCCESS
PAY-DE01924F,ORD-1244,33348.8,2026-03-17 08:07:48,SUCCESS
PAY-B4C98A63,ORD-1245,35587.28,2026-03-05 06:34:48,SUCCESS
PAY-02C113FF,ORD-1246,33670.76,2026-03-25 08:57:57,SUCCESS
PAY-9B96BD5A,ORD-1247,18448.58,2026-03-09 14:54:59,SUCCESS
PAY-2D2103BC,ORD-1248,11713.88,2026-03-07 16:16:29,SUCCESS
PAY-2A8BD7E7,ORD-1249,25630.64,2026-03-25 23:38:39,SUCCESS
PAY-5840E628,ORD-1250,31092.56,2026-03-28 14:24:22,SUCCESS
PAY-3551D223,ORD-1251,41651.58,2026-03-29 20:23:34,SUCCESS
PAY-452BB68D,ORD-1252,18532.82,2026-03-12 05:29:57,SUCCESS
PAY-93A7C0FD,ORD-1253,26933.55,2026-03-15 12:05:10,SUCCESS
PAY-DF7C1E8F,ORD-1254,47382.94,2026-03-21 11:18:06,SUCCESS
PAY-21B6A5C3,ORD-1255,26609.26,2026-03-08 19:01:52,SUCCESS
PAY-7B4CA79F,ORD-1256,32238.36,2026-03-18 07:31:53,SUCCESS
PAY-EF60286B,ORD-1257,4651.82,2026-03-08 17:08:29,SUCCESS
PAY-2F8C0E62,ORD-1258,5039.82,2026-03-11 12:35:00,SUCCESS
PAY-7BA10870,ORD-1259,3136.22,2026-03-24 06:22:21,SUCCESS
PAY-BB930C79,ORD-1260,19058.18,2026-03-02 16:49:53,SUCCESS
PAY-7CB4FA99,ORD-1261,7311.18,2026-03-14 11:24:11,SUCCESS
PAY-254BDBD5,ORD-1262,30959.74,2026-03-05 00:32:19,SUCCESS
PAY-9A11B175,ORD-1263,27665.81,2026-03-29 03:07:40,SUCCESS
PAY-74C627E6,ORD-1264,12263.19,2026-03-06 23:05:34,SUCCESS
PAY-7FDCE31D,ORD-1265,39798.01,2026-03-22 05:17:42,SUCCESS
PAY-2A35A0CA,ORD-1266,27034.66,2026-03-30 04:19:33,SUCCESS
PAY-9C4595FF,ORD-1267,21747.33,2026-03-29 09:35:10,SUCCESS
PAY-27779947,ORD-1268,33386.38,2026-03-05 07:34:38,SUCCESS
PAY-4A595AD7,ORD-1269,27432.06,2026-03-24 12:31:53,SUCCESS
PAY-E2DB6A0E,ORD-1270,2654.95,2026-03-19 00:37:21,SUCCESS
PAY-655B934D,ORD-1271,39531.74,2026-03-17 02:38:13,SUCCESS
PAY-74A55A5B,ORD-1272,2694.62,2026-03-26 06:26:03,SUCCESS
PAY-2D010CD7,ORD-1273,24187.29,2026-03-09 17:06:19,SUCCESS
PAY-37C379F5,ORD-1274,15025.41,2026-03-03 09:51:52,SUCCESS
PAY-0FA3115F,ORD-1275,26011.49,2026-03-26 03:12:12,SUCCESS
PAY-C353FD79,ORD-1276,32521.57,2026-03-14 10:33:12,SUCCESS
PAY-844C4DE7,ORD-1277,6661.51,2026-03-18 04:01:53,SUCCESS
PAY-7A26B60E,ORD-1278,17282.31,2026-03-09 22:07:24,SUCCESS
PAY-EFF598AA,ORD-1279,13702.67,2026-03-05 04:17:47,SUCCESS
PAY-06933373,ORD-1280,49757.36,2026-03-09 15:10:49,SUCCESS
PAY-8260857C,ORD-1281,4463.41,2026-03-14 20:57:46,SUCCESS
PAY-BC80D7C1,ORD-1282,34643.36,2026-03-17 10:01:58,SUCCESS
PAY-3A0DD582,ORD-1283,49908.45,2026-03-13 21:53:39,SUCCESS
PAY-EBF3E882,ORD-1284,25897.76,2026-03-08 16:44:25,SUCCESS
PAY-96318910,ORD-1285,6748.39,2026-03-12 03:49:17,SUCCESS
PAY-365DFE93,ORD-1286,2103.07,2026-03-08 09:39:00,SUCCESS
PAY-D8344854,ORD-1287,38272.68,2026-03-27 12:53:20,SUCCESS
PAY-47886122,ORD-1288,32653.26,2026-03-12 18:39:08,SUCCESS
PAY-FE4D68CF,ORD-1289,26128.39,2026-03-26 23:30:10,SUCCESS
PAY-A85E9DCF,ORD-1290,22590.52,2026-03-29 06:21:36,SUCCESS
PAY-E7CA1190,ORD-1291,7218.56,2026-03-04 18:57:01,SUCCESS
PAY-157FA421,ORD-1292,40620.4,2026-03-15 23:07:07,SUCCESS
PAY-1779DCF6,ORD-1293,42642.42,2026-03-30 10:33:39,SUCCESS
PAY-1A8DCD05,ORD-1294,49264.06,2026-03-07 17:43:11,SUCCESS
PAY-54D57493,ORD-1295,27924.06,2026-03-18 05:00:09,SUCCESS
PAY-EB322F90,ORD-1296,15809.89,2026-03-23 04:53:39,SUCCESS
PAY-F910B9FA,ORD-1297,4150.66,2026-03-15 20:16:47,SUCCESS
PAY-B9DD19D4,ORD-1298,26109.32,2026-03-07 06:14:52,SUCCESS
PAY-8BA968F1,ORD-1299,25391.76,2026-03-03 22:32:13,SUCCESS
PAY-C8FE8468,ORD-1300,8517.36,2026-03-11 16:19:07,SUCCESS
PAY-B7B9B5CD,ORD-1301,10216.95,2026-03-26 11:41:30,SUCCESS
PAY-BEAA9035,ORD-1302,26907.16,2026-03-24 06:57:36,SUCCESS
PAY-6C8E037F,ORD-1303,31411.72,2026-03-28 23:01:02,SUCCESS
PAY-6A48C076,ORD-1304,2750.36,2026-03-30 14:40:25,SUCCESS
PAY-556D0009,ORD-1305,32130.06,2026-03-24 02:03:49,SUCCESS
PAY-40C2DC5C,ORD-1306,12621.46,2026-03-19 21:35:42,SUCCESS
PAY-7B1F6242,ORD-1307,3465.7,2026-03-21 10:12:42,SUCCESS
PAY-EE04827A,ORD-1308,17339.53,2026-03-07 22:57:50,SUCCESS
PAY-8F0E56DC,ORD-1309,6972.92,2026-03-18 06:47:33,SUCCESS
PAY-7A116DA3,ORD-1310,23590.39,2026-03-13 14:13:00,SUCCESS
PAY-00349A6E,ORD-1311,3004.96,2026-03-18 21:38:44,SUCCESS
PAY-09E85851,ORD-1312,46720.7,2026-03-15 15:35:47,SUCCESS
PAY-BDF3ED89,ORD-1313,23607.35,2026-03-15 11:04:24,SUCCESS
PAY-001891AF,ORD-1314,25519.5,2026-03-12 08:58:00,SUCCESS
PAY-A5C94813,ORD-1315,14427.14,2026-03-28 14:42:10,SUCCESS
PAY-5FD0B5DA,ORD-1316,21830.92,2026-03-13 10:55:17,SUCCESS
PAY-499C8D1C,ORD-1317,20328.79,2026-03-27 08:57:57,SUCCESS
PAY-CF6B9908,ORD-1318,14785.78,2026-03-19 00:03:28,SUCCESS
PAY-21DF21D6,ORD-1319,34179.73,2026-03-06 19:47:15,SUCCESS
PAY-CFA9731E,ORD-1320,39847.41,2026-03-16 20:26:55,SUCCESS
PAY-CC83175A,ORD-1321,30321.92,2026-03-19 16:29:26,SUCCESS
PAY-2D82CF04,ORD-1322,7283.3,2026-03-16 13:50:12,SUCCESS
PAY-63DFC9A8,ORD-1323,44710.02,2026-03-07 18:42:57,SUCCESS
PAY-DDBCCBE5,ORD-1324,49535.48,2026-03-15 00:53:02,SUCCESS
PAY-86686978,ORD-1325,40879.57,2026-03-18 04:22:59,SUCCESS
PAY-273153BE,ORD-1326,15730.05,2026-03-30 01:19:23,SUCCESS
PAY-36AC9433,ORD-1327,39253.75,2026-03-27 17:52:06,SUCCESS
PAY-6212EB80,ORD-1328,26449.5,2026-03-29 14:58:24,SUCCESS
PAY-3C003959,ORD-1329,28842.23,2026-03-06 10:03:47,SUCCESS
PAY-E99516F2,ORD-1330,21229.62,2026-03-20 05:04:54,SUCCESS
PAY-6EACF1CA,ORD-1331,36506.4,2026-03-07 16:53:35,SUCCESS
PAY-D77B973E,ORD-1332,24179.36,2026-03-18 13:37:50,SUCCESS
PAY-3B99AAB5,ORD-1333,17445.19,2026-03-17 13:00:25,SUCCESS
PAY-23B84E13,ORD-1334,14310.82,2026-03-15 00:04:05,SUCCESS
PAY-90EAB211,ORD-1335,10760.25,2026-03-23 16:09:52,SUCCESS
PAY-4BFDCCE1,ORD-1336,46718.17,2026-03-13 20:43:37,SUCCESS
PAY-114F21B0,ORD-1337,41009.68,2026-03-08 02:01:38,SUCCESS
PAY-E74CDBCB,ORD-1338,4411.96,2026-03-21 13:13:21,SUCCESS
PAY-23A049A7,ORD-1339,41483.61,2026-03-13 18:12:57,SUCCESS
PAY-E8F0B18F,ORD-1340,30976.01,2026-03-28 03:00:12,SUCCESS
PAY-90D5C323,ORD-1341,45306.62,2026-03-11 16:31:09,SUCCESS
PAY-AB1B798C,ORD-1342,16849.53,2026-03-22 22:00:01,SUCCESS
PAY-5E1503EF,ORD-1343,48906.58,2026-03-08 14:33:38,SUCCESS
PAY-1D6C9C90,ORD-1344,10373.07,2026-03-14 11:46:54,SUCCESS
PAY-EAFC7F55,ORD-1345,4928.31,2026-03-27 13:08:08,SUCCESS
PAY-2492C7B4,ORD-1346,44171.13,2026-03-09 10:00:28,SUCCESS
PAY-FB52D430,ORD-1347,46862.13,2026-03-14 14:10:29,SUCCESS
PAY-3DB3837E,ORD-1348,30337.76,2026-03-16 15:59:35,SUCCESS
PAY-275B77D8,ORD-1349,42627.46,2026-03-22 17:14:29,SUCCESS
PAY-ADC94E81,ORD-1350,8543.47,2026-03-22 07:17:21,SUCCESS
PAY-BB5C2681,ORD-1351,17187.05,2026-03-14 20:19:00,SUCCESS
PAY-1B8C0BD3,ORD-1352,42879.25,2026-03-19 20:57:48,SUCCESS
PAY-DFFBB345,ORD-1353,33628.16,2026-03-09 19:50:21,SUCCESS
PAY-A0756973,ORD-1354,838.09,2026-03-18 20:59:10,SUCCESS
PAY-745F60A1,ORD-1355,15446.32,2026-03-27 11:44:15,SUCCESS
PAY-F54E1FF8,ORD-1356,12196.98,2026-03-06 19:11:08,SUCCESS
PAY-5211D242,ORD-1357,34460.64,2026-03-15 13:41:10,SUCCESS
PAY-C789646E,ORD-1358,11432.04,2026-03-07 11:57:14,SUCCESS
PAY-3E2F7C0C,ORD-1359,49447.48,2026-03-18 10:08:42,SUCCESS
PAY-8DD45305,ORD-1360,12749.54,2026-03-28 12:47:51,SUCCESS
PAY-B1437613,ORD-1361,45903.61,2026-03-06 12:33:41,SUCCESS
PAY-BC70E347,ORD-1362,16741.82,2026-03-25 02:24:56,SUCCESS
PAY-2A602E68,ORD-1363,29365.81,2026-03-05 13:23:31,SUCCESS
PAY-004C4DCE,ORD-1364,7031.24,2026-03-20 07:49:03,SUCCESS
PAY-AACFFE40,ORD-1365,40442.31,2026-03-02 09:49:32,SUCCESS
PAY-553BA747,ORD-1366,11286.11,2026-03-04 17:46:33,SUCCESS
PAY-332BCBF3,ORD-1367,3656.12,2026-03-04 03:48:45,SUCCESS
PAY-D4F92FA8,ORD-1368,20738.91,2026-03-07 13:58:45,SUCCESS
PAY-F43B7C44,ORD-1369,43546.2,2026-03-18 14:22:22,SUCCESS
PAY-4B7E07E3,ORD-1370,43084.19,2026-03-06 19:35:41,SUCCESS
PAY-35683791,ORD-1371,48626.36,2026-03-01 13:47:21,SUCCESS
PAY-6D7650B3,ORD-1372,18024.19,2026-03-11 20:53:16,SUCCESS
PAY-DBB9EBC6,ORD-1373,32191.75,2026-03-02 21:14:44,SUCCESS
PAY-376C39F6,ORD-1374,29750.24,2026-03-21 17:37:34,SUCCESS
PAY-BD96D866,ORD-1375,5054.83,2026-03-03 23:40:21,SUCCESS
PAY-042C0EFC,ORD-1376,29776.42,2026-03-16 00:17:11,SUCCESS
PAY-96919584,ORD-1377,9174.8,2026-03-04 04:38:55,SUCCESS
PAY-5646C413,ORD-1378,42428.37,2026-03-30 16:43:25,SUCCESS
PAY-5255AB00,ORD-1379,18984.78,2026-03-25 21:37:12,SUCCESS
PAY-34055B40,ORD-1380,44529.69,2026-03-27 00:19:41,SUCCESS
PAY-C0304957,ORD-1381,16527.52,2026-03-05 00:25:00,SUCCESS
PAY-E1907321,ORD-1382,19120.31,2026-03-28 22:47:30,SUCCESS
PAY-D7DE496E,ORD-1383,10790.51,2026-03-16 13:43:45,SUCCESS
PAY-8E10E0BD,ORD-1384,43778.81,2026-03-23 05:08:14,SUCCESS
PAY-D6AD0B93,ORD-1385,15169.94,2026-03-14 07:13:24,SUCCESS
PAY-28E8AB37,ORD-1386,42949.19,2026-03-22 15:01:00,SUCCESS
PAY-A93E0F2D,ORD-1387,2713.41,2026-03-11 11:42:24,SUCCESS
PAY-DE58CECF,ORD-1388,6794.36,2026-03-16 10:20:07,SUCCESS
PAY-9ACE30E9,ORD-1389,37036.35,2026-03-23 15:46:21,SUCCESS
PAY-9BE16966,ORD-1390,29955.52,2026-03-23 15:23:44,SUCCESS
PAY-B68AE314,ORD-1391,766.5,2026-03-07 16:12:08,SUCCESS
PAY-0981D3E5,ORD-1392,2242.28,2026-03-30 10:38:17,SUCCESS
PAY-F38241DA,ORD-1393,1007.44,2026-03-13 22:09:44,SUCCESS
PAY-795C4F34,ORD-1394,5647.31,2026-03-05 19:16:38,SUCCESS
PAY-55D9D533,ORD-1395,13412.07,2026-03-19 11:31:50,SUCCESS
PAY-81439522,ORD-1396,11630.43,2026-03-05 02:03:26,SUCCESS
PAY-22099B0B,ORD-1397,30769.03,2026-03-09 05:11:52,SUCCESS
PAY-EDACF513,ORD-1398,39798.03,2026-03-11 20:58:58,SUCCESS
PAY-E6DE0EAD,ORD-1399,46266.95,2026-03-26 03:12:58,SUCCESS
PAY-F40C08F9,ORD-1400,29237.79,2026-03-19 13:02:49,SUCCESS
PAY-D6575806,ORD-1401,44728.03,2026-03-16 12:23:26,SUCCESS
PAY-B69032FB,ORD-1402,15935.87,2026-03-04 21:04:04,SUCCESS
PAY-142548F5,ORD-1403,13879.69,2026-03-21 22:11:21,SUCCESS
PAY-416ACDE8,ORD-1404,27944.9,2026-03-18 17:08:53,SUCCESS
PAY-CEE06CF8,ORD-1405,12514.62,2026-03-18 17:04:28,SUCCESS
PAY-C8798714,ORD-1406,46856.03,2026-03-21 15:49:14,SUCCESS
PAY-36EE2C5D,ORD-1407,21467.76,2026-03-26 15:59:32,SUCCESS
PAY-DA305551,ORD-1408,3856.68,2026-03-28 15:15:56,SUCCESS
PAY-B3DEF417,ORD-1409,30179.77,2026-03-26 21:11:14,SUCCESS
PAY-7EF19249,ORD-1410,15356.5,2026-03-23 20:38:24,SUCCESS
PAY-F33F9C3F,ORD-1411,24148.95,2026-03-04 22:04:14,SUCCESS
PAY-DA71C236,ORD-1412,4545.13,2026-03-15 06:46:13,SUCCESS
PAY-C41D46BC,ORD-1413,16748.94,2026-03-31 01:07:19,SUCCESS
PAY-33E32FB7,ORD-1414,15731.57,2026-03-19 13:01:53,SUCCESS
PAY-5304F2FA,ORD-1415,14325.36,2026-03-19 07:14:16,SUCCESS
PAY-4A8CA1C1,ORD-1416,38347.09,2026-03-02 15:27:06,SUCCESS
PAY-09597B3A,ORD-1417,33662.39,2026-03-07 18:03:45,SUCCESS
PAY-78298D97,ORD-1418,-2038.73,2026-03-28 15:10:15,SUCCESS
PAY-46F2B169,ORD-1419,-3880.12,2026-03-17 18:46:44,SUCCESS
PAY-47DCE8CF,ORD-1420,27202.35,2026-03-08 23:41:32,SUCCESS
PAY-0E7F49A4,ORD-1421,1022.11,2026-03-13 04:38:03,SUCCESS
PAY-20092E9E,ORD-1423,21090.78,2026-03-05 07:47:09,SUCCESS
PAY-50E42913,ORD-1426,32574.51,2026-03-08 21:33:14,SUCCESS
PAY-5FA429E4,ORD-1427,47943.9,2026-03-11 23:17:37,SUCCESS
PAY-5030327A,ORD-1429,11132.41,2026-03-14 02:01:42,SUCCESS
PAY-AB743EA5,ORD-1430,23148.75,2026-03-13 08:37:20,SUCCESS
PAY-29FF0D93,ORD-1434,9694.81,2026-03-30 08:12:45,SUCCESS
PAY-5D15D8B3,ORD-1435,14797.32,2026-03-09 22:23:51,SUCCESS
PAY-5620AEBE,ORD-1436,7258.47,2026-03-18 21:26:57,SUCCESS
PAY-830C12E6,ORD-1440,41252.5,2026-03-18 02:46:47,SUCCESS
PAY-78447791,ORD-1441,11317.83,2026-03-20 18:23:02,SUCCESS
PAY-78B85AC7,ORD-1443,40629.78,2026-03-28 04:13:09,SUCCESS
PAY-5E33DED7,ORD-1444,39350.04,2026-03-10 20:02:40,SUCCESS
PAY-B3B2F46B,ORD-1445,16520.85,2026-03-14 17:40:38,SUCCESS
PAY-9B338F53,ORD-1446,39391.71,2026-03-04 02:47:31,SUCCESS
PAY-E593813D,ORD-1447,7739.05,2026-03-16 01:50:16,SUCCESS
PAY-B8E38FA1,ORD-1450,43510.93,2026-03-05 15:48:04,SUCCESS
PAY-BAD0F472,ORD-1452,6964.42,2026-03-23 12:10:05,SUCCESS
PAY-C7EA9A58,ORD-1454,49595.99,2026-03-20 21:17:53,SUCCESS
PAY-595E325E,ORD-1455,43783.96,2026-03-13 21:18:57,SUCCESS
PAY-AFFA329E,ORD-1456,45238.11,2026-03-08 22:47:36,SUCCESS
PAY-AC8DFBCA,ORD-1457,32946.52,2026-03-05 17:57:10,SUCCESS
PAY-E30FF098,ORD-1458,29887.14,2026-03-25 01:25:57,SUCCESS
PAY-5BBA8789,ORD-1459,49413.67,2026-03-20 15:17:17,SUCCESS
PAY-2F43D3C9,ORD-1460,4921.89,2026-03-06 01:53:02,SUCCESS
PAY-74F2590A,ORD-1461,19444.69,2026-03-07 11:26:23,SUCCESS
PAY-72B35F63,ORD-1462,32676.0,2026-03-21 10:45:09,SUCCESS
PAY-EFD84B6B,ORD-1463,34485.03,2026-03-11 07:17:54,SUCCESS
PAY-B5B29217,ORD-1464,36635.45,2026-03-17 10:01:49,SUCCESS
PAY-7F308CAC,ORD-1465,32408.72,2026-03-12 17:07:53,SUCCESS
PAY-1DEB443D,ORD-1466,26128.58,2026-03-24 14:33:46,SUCCESS
PAY-B2C21A11,ORD-1467,24996.94,2026-03-06 13:10:13,SUCCESS
PAY-17001B74,ORD-1468,46729.26,2026-03-07 10:12:28,SUCCESS
PAY-D9E77FE3,ORD-1469,23815.22,2026-03-04 17:43:18,SUCCESS
PAY-25B863C6,ORD-1470,2471.43,2026-03-04 04:05:33,SUCCESS
PAY-57D6F1CA,ORD-1471,35239.63,2026-03-05 04:05:44,SUCCESS
PAY-CA967206,ORD-1472,4411.57,2026-03-10 15:57:29,SUCCESS
PAY-754157DE,ORD-1473,35084.46,2026-03-12 06:39:39,SUCCESS
PAY-7D71E6DE,ORD-1474,22941.91,2026-03-29 03:00:38,SUCCESS
PAY-4EE0D299,ORD-1475,35541.08,2026-03-01 22:24:33,SUCCESS
PAY-61D5F9F0,ORD-1476,18907.54,2026-03-13 15:34:10,SUCCESS
PAY-E134E9E3,ORD-1477,26430.78,2026-03-13 09:12:49,SUCCESS
PAY-CF743F49,ORD-1478,25230.7,2026-03-27 05:12:35,SUCCESS
PAY-E1D7918C,ORD-1479,5593.79,2026-03-27 12:52:09,SUCCESS
PAY-481C68C5,ORD-1480,43005.11,2026-03-01 23:27:15,SUCCESS
PAY-EC48EAC8,ORD-1481,46051.21,2026-03-09 13:28:28,SUCCESS
PAY-CE092FFF,ORD-1481,46051.21,2026-03-09 13:30:28,SUCCESS
PAY-85D1DDF2,ORD-1482,12789.03,2026-03-15 23:29:28,SUCCESS
PAY-92F5FA60,ORD-1482,12789.03,2026-03-15 23:31:28,SUCCESS
PAY-D3A4FA19,ORD-1483,25351.03,2026-03-03 19:32:41,SUCCESS
PAY-4BA4452B,ORD-1483,25351.03,2026-03-03 19:34:41,SUCCESS
PAY-E8545FEC,ORD-1484,3911.86,2026-03-22 14:02:34,SUCCESS
PAY-2E9B7406,ORD-1484,3911.86,2026-03-22 14:04:34,SUCCESS
PAY-C93A665E,ORD-1485,27878.02,2026-03-01 18:45:18,SUCCESS
PAY-D9B1613E,ORD-1485,27878.02,2026-03-01 18:47:18,SUCCESS
PAY-5334880A,ORD-1486,39333.11,2026-03-29 18:12:14,SUCCESS
PAY-382E4A89,ORD-1486,39333.11,2026-03-29 18:14:14,SUCCESS
PAY-47AD2312,ORD-1487,48606.96,2026-03-10 07:31:49,SUCCESS
PAY-85F6A1FB,ORD-1487,48606.96,2026-03-10 07:33:49,SUCCESS
PAY-80D627EC,ORD-1488,46653.68,2026-03-02 12:08:09,SUCCESS
PAY-B75E5CAF,ORD-1488,46653.68,2026-03-02 12:10:09,SUCCESS
PAY-C323B947,ORD-1489,572.37,2026-03-31 08:00:22,SUCCESS
PAY-2A5FAC79,ORD-1489,572.37,2026-03-31 08:02:22,SUCCESS
PAY-2E5C76C4,ORD-1490,26725.82,2026-03-12 06:11:44,SUCCESS
PAY-37B825DF,ORD-1490,26725.82,2026-03-12 06:13:44,SUCCESS
PAY-A1E5DB55,ORD1491,35726.8,2026-03-05 15:36:32,SUCCESS
PAY-B6AB4D59,ord-1492,48740.46,2026-03-05 06:44:58,SUCCESS
PAY-F7591D90,ord-1493,29798.84,2026-03-04 06:04:52,SUCCESS
PAY-0F4B0DEE,ord-1494,13419.05,2026-03-15 18:07:31,SUCCESS
PAY-4FD77915,ORD1495,13961.82,2026-03-04 19:35:53,SUCCESS
PAY-C00EB8C5,REF_ORD-1496,8636.56,2026-03-22 15:05:50,SUCCESS
PAY-61607116,REF_ORD-1497,10777.99,2026-03-15 10:49:07,SUCCESS
PAY-C2E18CC8,ORD1498,40476.05,2026-03-15 06:17:30,SUCCESS
PAY-B5E2D80F,ord-1499,35702.29,2026-03-17 14:36:32,SUCCESS
PAY-A1204B24,REF_ORD-1500,41094.44,2026-03-09 07:54:25,SUCCESS
